11402010,AMD 라데온 PRO W5700 D6 8GB,1304710,1304580,1304460,1304220,1303990,1303750,1303560,1303500,1303260
11402010,AMD 라데온 PRO W5700 D6 8GB,1304710,1304580,1304460,1304220,1303990,1303750,1303560,1303500,1303260
15091757,AMD 라데온 PRO W6600 D6 8GB,1168500,1168500,1168500,1168500,1168500,1168500,1168500,1168500,1168500
15129071,AMD 라데온 PRO W6600 D6 8GB 대원CTS,885710,885530,885350,885170,896160,896100,894770,894580,889030
14500571,AMD 라데온 PRO W6800 D6 32GB,3398280,3398210,3398150,3398030,3397910,3397860,3397800,3397610,3397370
14632550,AMD 라데온 PRO W6800 D6 32GB 대원CTS,3240900,3240720,3240540,3240310,3220800,3220800,3220800,3220800,3179200
16234694,ASRock Phantom Gaming D 라데온 RX 6500 XT OC D6 4GB 디앤디컴,268790,268790,289000,282600,282600,282600,282600,282600,282600
16248074,ASRock Phantom Gaming D 라데온 RX 6500 XT OC D6 4GB 에즈윈,247540,242430,242310,243650,256780,282360,282360,314460,314460
14981303,ASRock Phantom Gaming D 라데온 RX 6600 XT OC D6 8GB 디앤디컴,0,0,0,0,0,0,0,0,0
14979707,ASRock Phantom Gaming D 라데온 RX 6600 XT OC D6 8GB 에즈윈,673800,673670,673550,673500,673380,673190,673130,672950,672830
13805543,ASRock Phantom Gaming D 라데온 RX 6700 XT OC D6 12GB 디앤디컴,4400000,4400000,4400000,4400000,4400000,4400000,4400000,4400000,4400000
13724549,ASRock Phantom Gaming D 라데온 RX 6700 XT OC D6 12GB 에즈윈,1610000,1610000,1610000,1610000,1610000,1610000,1610000,1610000,1610000
12947747,ASRock Phantom Gaming D 라데온 RX 6800 OC D6 16GB 에즈윈,2000000,2000000,2000000,2000000,2000000,2000000,2000000,2000000,2000000
13110236,ASRock Phantom Gaming D 라데온 RX 6800 XT OC D6 16GB 디앤디컴,1479200,1479200,1478200,1478200,1478200,1478200,1478200,1478200,1478200
12947888,ASRock Phantom Gaming D 라데온 RX 6800 XT OC D6 16GB 에즈윈,1168240,1168240,1108710,1108650,1108470,1108230,1107140,1106950,1106720
12948176,ASRock Phantom Gaming D 라데온 RX 6900 XT OC D6 16GB 에즈윈,1521910,1521720,1521550,1521370,1521190,1521130,1520890,1520650,1520410
15509600,ASRock 라데온 RX 6600 CHALLENGER D D6 8GB 디앤디컴,399230,419430,382890,382710,382470,382230,381990,381750,381510
15446684,ASRock 라데온 RX 6600 CHALLENGER D D6 8GB 에즈윈,366370,365340,380000,452390,621200,637000,637000,637000,412640
14981414,ASRock 라데온 RX 6600 XT CHALLENGER D OC D6 8GB 디앤디컴,633990,633990,633990,628310,628310,628310,628310,628310,628310
14980142,ASRock 라데온 RX 6600 XT CHALLENGER D OC D6 8GB 에즈윈,558500,558320,558200,557960,557900,557660,557420,557180,556940
14981363,ASRock 라데온 RX 6600 XT CHALLENGER Pro OC D6 8GB 디앤디컴,610900,610900,599000,582870,582870,582870,582870,582870,582870
14979914,ASRock 라데온 RX 6600 XT CHALLENGER Pro OC D6 8GB 에즈윈,843920,843920,843920,843920,843920,843920,843920,843920,843920
13805453,ASRock 라데온 RX 6700 XT CHALLENGER D D6 12GB 디앤디컴,4400000,4400000,4400000,4400000,4400000,4400000,4400000,4400000,4400000
13645739,ASRock 라데온 RX 6700 XT CHALLENGER D D6 12GB 에즈윈,1573000,1573000,1573000,1573000,1573000,1573000,1573000,1573000,1573000
15189572,ASRock 라데온 RX 6700 XT CHALLENGER D OC D6 12GB 디앤디컴,1272290,1272290,1272290,1272290,1272290,1272290,1272290,1272290,1272290
13805687,ASRock 라데온 RX 6700 XT CHALLENGER Pro OC D6 12GB 디앤디컴,698170,698040,697860,697680,697450,697210,697020,696960,696730
13645580,ASRock 라데온 RX 6700 XT CHALLENGER Pro OC D6 12GB 에즈윈,699480,699300,699180,698940,697770,697710,705520,705280,705220
13083704,ASRock 라데온 RX 6800 CHALLENGER Pro OC D6 16GB 에즈윈,0,0,0,0,0,0,0,0,0
12948032,ASRock 라데온 RX 6800 XT Taichi X OC D6 16GB 에즈윈,3510000,3510000,3510000,3510000,3510000,3510000,3510000,3510000,3510000
16288661,ASUS DUAL 라데온 RX 6500 XT O4G OC D6 4GB 대원CTS,302620,302440,302380,302200,302080,301860,300610,300370,300130
15444875,ASUS DUAL 라데온 RX 6600 D6 8GB,489000,489000,489000,489000,489000,489000,489000,489000,489000
15605021,ASUS DUAL 라데온 RX 6600 D6 8GB 대원CTS,395000,395000,395000,397000,445200,445200,445200,399000,399000
15013853,ASUS DUAL 라데온 RX 6600 XT O8G OC D6 8GB 대원CTS,605760,605580,605460,605230,604990,604750,603880,603640,603460
13653296,ASUS DUAL 라데온 RX 6700 XT D6 12GB 대원CTS,880000,880000,880000,880000,865770,865530,865340,865280,865220
15468317,ASUS DUAL 라데온 RX 6700 XT O12G OC D6 12GB,865000,865000,865000,865000,865000,865000,865000,865000,865000
15552671,ASUS DUAL 라데온 RX 6700 XT O12G OC D6 12GB 대원CTS,668620,679000,805600,805600,805600,805600,805600,805600,805600
10707171,ASUS DUAL 지포스 GTX 1650 4G D5 4GB,329730,329730,329730,329730,329730,329730,329730,329730,329730
7779556,ASUS DUAL 지포스 GTX 1650 O4G D5 4GB,379370,379190,379010,378950,378890,378650,378470,378410,378350
15468500,ASUS DUAL 지포스 GTX 1650 O4G OC MINI D6 4GB,427590,427590,427590,427590,427590,427590,427590,427590,427590
11068359,ASUS DUAL 지포스 GTX 1660 SUPER O6G EVO D6 6GB,469000,469000,469000,469000,469000,469000,469000,469000,409000
16485713,ASUS DUAL 지포스 RTX 2060 EVO D6 12GB,543000,543000,559000,573990,573930,573690,573510,573330,573280
13654145,ASUS DUAL 지포스 RTX 2060 EVO D6 6GB,468930,468870,468750,468570,468330,468090,467860,467670,467430
16180430,ASUS DUAL 지포스 RTX 2060 O12G EVO OC D6 12GB,557000,550840,550650,550470,550230,549990,549810,549750,549690
8084563,ASUS DUAL 지포스 RTX 2060 O6G EVO D6 6GB,501330,501330,501110,500940,500750,500630,500570,500390,500150
13612532,ASUS DUAL 지포스 RTX 3060 O12G OC D6 12GB,593000,592870,592690,583000,583000,583000,583000,583000,583000
16478060,ASUS DUAL 지포스 RTX 3060 Ti D6 8GB,680000,680000,680000,0,0,0,0,0,0
12821624,ASUS DUAL 지포스 RTX 3060 Ti O8G OC D6 8GB,720940,720810,720750,720390,720270,720210,720040,720030,770000
14857055,ASUS DUAL 지포스 RTX 3060 Ti O8G OC MINI D6 8GB,749800,773490,773490,773490,773490,773490,773490,773490,773490
15805079,ASUS DUAL 지포스 RTX 3070 D6 8GB,897630,897630,897630,897630,897630,897630,897630,897630,897630
15754070,ASUS DUAL 지포스 RTX 3070 O8G OC D6 8GB,1265790,1265660,1265600,1265360,1265240,1265180,1265000,1264820,1264640
16315202,ASUS KO 지포스 RTX 3060 GAMING D6 12GB,916080,916080,916080,916080,916080,916080,916080,916080,916080
14005937,ASUS KO 지포스 RTX 3060 O12G GAMING OC D6 12GB,621370,621360,621300,599650,599640,604650,604360,604170,604050
12821576,ASUS KO 지포스 RTX 3060 Ti O8G GAMING OC D6 8GB,808990,808990,808990,808990,808990,808990,808990,808990,808990
12578006,ASUS KO 지포스 RTX 3070 GAMING D6 8GB,939900,939900,939900,939900,939900,939900,939900,939900,939900
12578009,ASUS KO 지포스 RTX 3070 O8G GAMING OC D6 8GB,835950,835760,833980,833530,833280,833040,832750,832500,832280
7779559,ASUS PH 지포스 GTX 1650 O4G D5 4GB,349800,349800,349800,349800,349800,349800,349800,349800,349800
14346383,ASUS PH 지포스 GTX 1650 O4G D6 4GB,488120,488000,487930,487750,487570,487400,487210,487150,486910
7463521,ASUS PH 지포스 GTX 1660 O6G D5 6GB,456530,456350,456230,456050,456000,455940,455750,455690,394570
11645843,ASUS PH 지포스 GTX 1660 SUPER O6G D6 6GB,424120,424120,424120,424120,424120,424120,424120,424120,424120
13562696,ASUS ROG STRIX LC 라데온 RX 6800 XT O16G GAMING OC D6 16GB,2055170,2055170,2055170,2055170,2055170,2055170,2055170,2055170,2055170
12990644,ASUS ROG STRIX LC 라데온 RX 6800 XT O16G GAMING OC D6 16GB 대원CTS,0,0,0,0,0,0,0,0,0
13562870,ASUS ROG STRIX LC 라데온 RX 6900 XT O16G GAMING OC D6 16GB,2095000,2095000,2095000,2095000,2095000,2095000,2043600,2043600,2043600
14351603,ASUS ROG STRIX LC 라데온 RX 6900 XT O16G GAMING OC D6 16GB 대원CTS,2039650,2039520,2039460,2039280,1994110,1993870,1992680,1992500,1992260
14452217,ASUS ROG STRIX LC 라데온 RX 6900 XT T16G GAMING D6 16GB 대원CTS,2500000,2500000,2500000,2500000,2500000,2500000,2500000,2500000,2500000
15013721,ASUS ROG STRIX 라데온 RX 6600 XT O8G GAMING OC D6 8GB 대원CTS,711000,710870,710690,710510,710290,710050,705770,705530,705350
13648004,ASUS ROG STRIX 라데온 RX 6700 XT O12G GAMING OC D6 12GB,876960,1700000,1700000,1700000,1700000,1700000,1700000,1700000,1700000
13653392,ASUS ROG STRIX 라데온 RX 6700 XT O12G GAMING OC D6 12GB 대원CTS,876960,1298000,1298000,913000,913000,913000,913000,913000,913000
13563083,ASUS ROG STRIX 라데온 RX 6800 O16G GAMING OC D6 16GB,1318050,1317920,1317740,1317500,1308170,1307930,1307690,1307500,1307260
12990398,ASUS ROG STRIX 라데온 RX 6800 O16G GAMING OC D6 16GB 대원CTS,1360500,1360500,1360500,1360500,1351100,1351100,1349660,1349660,1349660
11239998,ASUS ROG STRIX 지포스 GTX 1650 SUPER O4G D6 4GB,1000000,1000000,1000000,1000000,1000000,1000000,1000000,1000000,1000000
13467587,ASUS ROG STRIX 지포스 RTX 3060 O12G GAMING OC D6 12GB,765990,765990,765990,765990,765990,765990,765990,765990,765990
12821834,ASUS ROG STRIX 지포스 RTX 3060 Ti O8G GAMING OC D6 8GB,1103870,1103690,1103570,1103510,1103280,1103090,1102910,1102730,1102670
13212008,ASUS ROG STRIX 지포스 RTX 3070 O8G GAMING OC D6 8GB,1130000,1130000,1130000,1130000,1130000,1130000,1130000,1130000,1130000
14490560,ASUS ROG STRIX 지포스 RTX 3070 O8G GAMING OC D6 8GB White,1248970,1248970,1248970,1248970,1248970,1248970,1248970,1248970,1248970
14444174,ASUS ROG STRIX 지포스 RTX 3070 Ti GAMING D6X 8GB,0,0,1042750,1042740,1042620,1042570,1042380,1042320,1042260
14444267,ASUS ROG STRIX 지포스 RTX 3070 Ti O8G GAMING OC D6X 8GB,1009280,1009100,1009240,1028290,1027410,1027240,1027000,1026930,1026690
16478888,ASUS ROG STRIX 지포스 RTX 3080 GAMING D6X 12GB,1577630,1577620,1577560,1577510,1577500,1577440,1577390,1577380,1577320
12204407,ASUS ROG STRIX 지포스 RTX 3080 O10G GAMING OC D6X 10GB,1257950,1257950,1257950,1257880,1257840,1257840,1257840,1257840,1257840
14474075,ASUS ROG STRIX 지포스 RTX 3080 O10G GAMING OC D6X 10GB White,1809280,1809280,1809280,1809280,1809280,1809280,1809280,1809280,1809280
16249895,ASUS ROG STRIX 지포스 RTX 3080 O12G GAMING OC D6X 12GB,1513000,1378030,1424850,1424670,1425040,1511140,1425040,1425040,1425040
14379923,ASUS ROG STRIX 지포스 RTX 3080 Ti GAMING D6X 12GB,0,0,0,0,0,0,0,0,0
14379920,ASUS ROG STRIX 지포스 RTX 3080 Ti O12G GAMING OC D6X 12GB,1979290,1973430,1870000,1870000,1870000,1870000,1870000,1870000,1870000
12204422,ASUS ROG STRIX 지포스 RTX 3090 O24G GAMING OC D6X 24GB,2498640,2498460,2498340,2498150,2498030,2497980,2497920,2497730,2497550
14081975,ASUS ROG STRIX 지포스 RTX 3090 O24G GAMING OC D6X 24GB White,2499000,2499000,2499000,2499000,2499000,2499000,2499000,2499000,2499000
16288850,ASUS TUF Gaming 라데온 RX 6500 XT O4G OC D6 4GB 대원CTS,358940,358760,358640,342030,341910,341670,328520,339190,339190
13647839,ASUS TUF Gaming 라데온 RX 6700 XT O12G OC D6 12GB,1260000,1260000,1260000,1260000,1260000,1260000,1260000,1260000,1260000
13653428,ASUS TUF Gaming 라데온 RX 6700 XT O12G OC D6 12GB 대원CTS,710200,710200,710200,710200,710200,710200,710200,710200,710200
13563296,ASUS TUF Gaming 라데온 RX 6800 O16G OC D6 16GB,1108560,1108380,1108260,1108020,1107790,1107600,1107420,1107360,1107300
12990260,ASUS TUF Gaming 라데온 RX 6800 O16G OC D6 16GB 대원CTS,1110000,1110000,1110000,1110000,1110000,1110000,1110000,1110000,1110000
13173020,ASUS TUF Gaming 라데온 RX 6800 XT O16G OC D6 16GB,1236200,1236070,1235950,1235780,1235540,1235300,1227380,1227190,1226960
13029701,ASUS TUF Gaming 라데온 RX 6800 XT O16G OC D6 16GB 대원CTS,1268000,1268000,1268000,1268000,1251800,1251800,1249800,1249800,1249800
13218083,ASUS TUF Gaming 라데온 RX 6900 XT O16G OC D6 16GB,1501340,1471160,1471040,1470860,1470750,1470510,1377000,1487990,1487750
15861422,ASUS TUF Gaming 라데온 RX 6900 XT T16G D6 16GB,1219000,1219000,1287800,1351450,1350700,1350700,1350700,1350700,1350490
12464813,ASUS TUF Gaming 지포스 GTX 1650 O4G P D6 4GB,354950,354770,354540,354410,354180,353990,353810,353750,353510
10513509,ASUS TUF Gaming 지포스 GTX 1650 SUPER O4G D6 4GB,0,0,0,0,0,0,0,0,0
7463605,ASUS TUF Gaming 지포스 GTX 1660 O6G D5 6GB,533580,533580,533580,533580,533580,533580,533580,533580,533580
11686493,ASUS TUF Gaming 지포스 GTX 1660 SUPER 6G D6 6GB,424810,424810,424810,424810,424810,424810,424810,424810,424810
9909333,ASUS TUF Gaming 지포스 GTX 1660 SUPER O6G D6 6GB,426700,426580,426400,426160,425920,425740,425680,425500,425450
15108203,ASUS TUF Gaming 지포스 GTX 1660 Ti 6G EVO D6 6GB,0,0,0,0,0,0,417960,417770,407980
9619425,ASUS TUF Gaming 지포스 GTX 1660 Ti O6G D6 6GB,0,0,0,0,0,0,0,0,0
15108326,ASUS TUF Gaming 지포스 GTX 1660 Ti O6G EVO OC D6 6GB,418410,418280,418160,399000,398990,398990,398990,398870,398630
13467590,ASUS TUF Gaming 지포스 RTX 3060 O12G OC D6 12GB,650400,650400,650400,650400,650400,650400,650400,650400,650400
12821741,ASUS TUF Gaming 지포스 RTX 3060 Ti O8G OC D6 8GB,959990,959990,959990,959990,959990,959990,959990,959990,959990
12840242,ASUS TUF Gaming 지포스 RTX 3070 O8G OC D6 8GB,1419450,1419450,1419450,1419450,1419450,1419450,1419450,1419450,1419450
14444531,ASUS TUF Gaming 지포스 RTX 3070 Ti D6X 8GB,951420,951240,951230,950930,950700,950460,950270,950210,950150
14444705,ASUS TUF Gaming 지포스 RTX 3070 Ti O8G OC D6X 8GB,996600,996600,930740,931000,929720,929470,929290,929050,923450
16410413,ASUS TUF Gaming 지포스 RTX 3080 D6X 10GB,1109880,1180160,1159870,1113000,1083280,1087290,1087110,1087050,1086810
16479002,ASUS TUF Gaming 지포스 RTX 3080 D6X 12GB,1440990,1242680,1242680,1242680,1242680,1242680,1242680,1242680,1242680
12204362,ASUS TUF Gaming 지포스 RTX 3080 O10G OC D6X 10GB,1149620,1149430,1149320,1186990,1092020,1091730,1186990,1186990,1186990
16250300,ASUS TUF Gaming 지포스 RTX 3080 O12G OC D6X 12GB,1274640,1277460,1277460,1277460,1277460,1277460,1277460,1277460,1277460
14379926,ASUS TUF Gaming 지포스 RTX 3080 Ti D6X 12GB,2089900,1670420,1670420,1749000,1593680,1593680,1593680,1593680,1593680
14365328,ASUS TUF Gaming 지포스 RTX 3080 Ti O12G OC D6X 12GB,1756060,1576080,1637680,1637680,1637680,1637680,1637680,1637680,1637680
12204377,ASUS TUF Gaming 지포스 RTX 3090 D6X 24GB,2562000,2562000,2562000,2562000,2562000,2562000,2562000,2562000,2562000
12204395,ASUS TUF Gaming 지포스 RTX 3090 O24G OC D6X 24GB,2385130,2385060,2384880,2384700,2384460,2384220,2383990,2383800,2383570
16707131,ASUS TUF Gaming 지포스 RTX 3090 Ti D6X 24GB,3376000,3173440,3173440,3173440,3173440,3173440,3173440,3173440,3173440
16707176,ASUS TUF Gaming 지포스 RTX 3090 Ti O24G OC D6X 24GB,3462000,3254280,3254280,3254280,3254280,3254280,3254280,3254280,3254280
12963791,ASUS TURBO 지포스 RTX 2060 D6 6GB,2130000,2130000,2130000,2130000,2130000,2130000,2130000,2130000,2130000
16358267,COLORFUL iGAME 지포스 RTX 2060 Ultra OC D6 12GB White,458990,458990,458990,458990,458990,458990,458990,458990,458990
14742041,COLORFUL iGAME 지포스 RTX 3060 Advanced OC D6 12GB LHR,598990,598990,599000,599000,599000,599000,599000,599000,599000
15917972,COLORFUL iGAME 지포스 RTX 3060 Ti Advanced OC D6 8GB LHR,1125580,1125580,1125580,1125580,1125580,1125580,1125580,1125580,1125580
15454757,COLORFUL iGAME 지포스 RTX 3060 Ti Ultra OC D6 8GB White LHR,717080,716890,893350,846000,846000,846000,846000,987930,987930
15014549,COLORFUL iGAME 지포스 RTX 3060 Ti Vulcan OC D6 8GB LHR,1500000,1500000,1500000,1500000,1500000,1500000,1500000,1500000,1500000
14625236,COLORFUL iGAME 지포스 RTX 3060 Ultra OC D6 12GB White LHR,553060,552880,552790,552380,552200,539440,539200,538960,538680
15296018,COLORFUL iGAME 지포스 RTX 3070 Advanced OC D6 8GB LHR,0,0,0,0,0,0,0,0,0
14658383,COLORFUL iGAME 지포스 RTX 3070 Ti Advanced OC D6X 8GB,960990,960990,961000,1033060,1033060,1033060,1033060,1033060,1033060
15166637,COLORFUL iGAME 지포스 RTX 3070 Ti Ultra OC D6X 8GB White,1187100,1187030,1186910,1186730,1186610,1186550,1186380,1186370,1186140
14658188,COLORFUL iGAME 지포스 RTX 3070 Ti Vulcan OC D6X 8GB,1029000,1029000,1234950,1234950,1200630,1200630,1234950,1266950,1266950
14966102,COLORFUL iGAME 지포스 RTX 3070 Ultra OC D6 8GB White LHR,1814160,1814160,1814000,1813780,1813550,1813310,1813040,1812850,1812610
15296465,COLORFUL iGAME 지포스 RTX 3080 Advanced OC D6X 10GB LHR,1743000,1743000,1743000,1743000,1743000,1743000,1743000,1743000,1743000
16152221,COLORFUL iGAME 지포스 RTX 3080 Advanced OC D6X 12GB LHR,1773220,1773220,1198700,1170870,1166410,1166350,1166120,1166110,1165870
14351591,COLORFUL iGAME 지포스 RTX 3080 Ti Advanced OC D6X 12GB,1538000,1537870,1537790,1537510,1598950,1598950,1598950,1598950,1598950
14625068,COLORFUL iGAME 지포스 RTX 3080 Ti Vulcan OC D6X 12GB,1919590,1919460,1897640,1897520,1897320,1897080,1896900,1896720,1896480
14944241,COLORFUL iGAME 지포스 RTX 3080 Ultra OC D6X 10GB LHR,1167520,1167520,1167520,1167520,1167520,1167520,1167520,1167520,1167520
16537685,COLORFUL iGAME 지포스 RTX 3080 Ultra OC D6X 12GB White LHR,2200000,2200000,2200000,2200000,2200000,2200000,2200000,2200000,2200000
14944283,COLORFUL iGAME 지포스 RTX 3080 Vulcan OC D6X 10GB LHR,4549990,4549990,4549990,4549990,4549990,4549990,4549990,4549990,4549990
16537493,COLORFUL iGAME 지포스 RTX 3080 Vulcan OC D6X 12GB LHR,1746280,1746280,1746280,1746280,1746280,1746280,1746280,1746280,1746280
12190127,COLORFUL iGAME 지포스 RTX 3090 Advanced OC D6X 24GB,2743950,2743950,2743950,2098270,1971140,1970900,1970720,1970540,1970310
15196715,COLORFUL iGAME 지포스 RTX 3090 Kudan D6X 24GB,4075560,4075430,4075370,4075310,4075080,4074890,4074660,4074470,4074230
12244874,COLORFUL iGAME 지포스 RTX 3090 Neptune OC D6X 24GB,3086720,3086720,3086720,3086720,3086720,3086720,3086720,3086720,3086720
16706693,COLORFUL iGAME 지포스 RTX 3090 Ti Vulcan OC D6X 24GB,2836580,2836400,2836340,2836160,2835820,2835580,2781740,2781500,2781270
15477260,COLORFUL iGAME 지포스 RTX 3090 Vulcan OC D6X 24GB,2436540,2493860,2229000,2436540,2465070,2464830,2464590,2464350,2464170
9984282,COLORFUL 지포스 GTX 1650 SUPER 토마호크 D6 4GB,900000,900000,900000,900000,900000,900000,900000,900000,900000
11189739,COLORFUL 지포스 GTX 1650 토마호크 D6 4GB,379000,379000,379000,379000,379000,379000,379000,379000,379000
9790116,COLORFUL 지포스 GTX 1660 SUPER 토마호크 D6 6GB,439700,439530,439460,439280,439100,438920,438860,438680,438500
15049220,COLORFUL 지포스 GTX 1660 SUPER 토마호크 V2 D6 6GB,398870,398680,398500,398320,398080,397850,396610,396420,396180
9844860,COLORFUL 지포스 GTX 1660 Ti 토마호크 D6 6GB,1499990,1499990,1499990,1499990,1499990,1499990,1499990,1500000,1500000
15943964,COLORFUL 지포스 RTX 2060 SUPER 토마호크 D6 8GB,686760,686750,674360,679500,679500,679500,679500,679500,679500
16890566,COLORFUL 지포스 RTX 2060 SUPER 토마호크 V2 D6 8GB,634090,633910,633720,633540,633310,633070,632880,632640,632400
15978635,COLORFUL 지포스 RTX 2060 토마호크 D6 12GB,465010,465010,465010,465010,465010,465010,465010,465010,465010
14005142,COLORFUL 지포스 RTX 2060 토마호크 D6 6GB,457720,457720,457720,457720,457720,457720,457720,457720,457720
16358432,COLORFUL 지포스 RTX 2060 토마호크 DUO D6 12GB,448990,448990,448990,448990,448990,448990,448990,448990,448990
15872063,COLORFUL 지포스 RTX 2060 토마호크 V2 D6 6GB,448370,448240,448120,447830,447700,447460,441660,441600,441360
15014717,COLORFUL 지포스 RTX 3060 Ti 토마호크 D6 8GB LHR,1590000,1590000,1590000,1590000,1590000,1590000,1590000,1590000,1590000
15014885,COLORFUL 지포스 RTX 3060 Ti 토마호크 DUO D6 8GB LHR,1358950,1358880,1358640,1358580,1358290,1358050,1357860,1357800,1357560
15555188,COLORFUL 지포스 RTX 3060 Ti 토마호크 DUO V2 D6 8GB LHR,996890,996830,996650,996410,996180,995940,995700,995510,995280
15270155,COLORFUL 지포스 RTX 3060 Ti 토마호크 V2 D6 8GB LHR,1590000,1590000,1590000,1590000,1590000,1590000,1590000,1590000,1590000
14636537,COLORFUL 지포스 RTX 3060 토마호크 D6 12GB LHR,2500000,2500000,2500000,2500000,2500000,2500000,2500000,2500000,2500000
14636621,COLORFUL 지포스 RTX 3060 토마호크 DUO D6 12GB LHR,552360,552170,552050,551750,551570,551390,535250,535010,534770
15302858,COLORFUL 지포스 RTX 3060 토마호크 DUO V2 D6 12GB LHR,534930,534870,556010,534810,533050,532990,532750,532520,532330
14658527,COLORFUL 지포스 RTX 3070 Ti 토마호크 D6X 8GB,940430,940310,940130,1013570,1013390,1013330,1013150,1013090,1013030
15555287,COLORFUL 지포스 RTX 3070 토마호크 V2 D6 8GB LHR,1187720,1187540,1187360,1187300,1187060,1186820,1186640,1186580,1186350
14636894,COLORFUL 지포스 RTX 3080 Ti 토마호크 D6X 12GB,1402200,1402200,1402200,1402200,1402200,1402200,1526950,1526950,1526950
9944580,EVGA 지포스 GTX 1660 SUPER SC ULTRA GAMING D6 6GB,386800,386800,386800,385800,385800,385800,380400,380210,379580
10546572,EVGA 지포스 RTX 2060 KO ULTRA GAMING D6 6GB,463400,463400,463400,463400,463400,463400,463400,463400,444260
16219169,EVGA 지포스 RTX 2060 XC BLACK GAMING D6 12GB,836000,836000,836000,836000,836000,836000,836000,836000,836000
16145876,EVGA 지포스 RTX 2060 XC GAMING D6 12GB,454800,454800,455990,459990,480000,480000,472850,472610,472380
14978030,EVGA 지포스 RTX 3060 Ti FTW3 ULTRA GAMING D6 8GB LHR,1095000,1095000,1095000,1095000,760740,760560,760380,760320,760090
14978270,EVGA 지포스 RTX 3060 Ti XC GAMING D6 8GB LHR,917110,917050,916990,916750,707900,707900,727540,727300,727060
14753852,EVGA 지포스 RTX 3060 XC GAMING D6 12GB LHR,532110,531980,531800,531570,531440,531330,516730,516550,516310
15021752,EVGA 지포스 RTX 3070 FTW3 ULTRA GAMING D6 8GB LHR,1534350,1534170,1533990,1533810,1533580,1533340,1533100,1532910,1532670
14519828,EVGA 지포스 RTX 3070 Ti FTW3 ULTRA GAMING D6X 8GB,988000,988000,988000,988000,988000,988000,988000,988000,988000
14519954,EVGA 지포스 RTX 3070 Ti XC3 ULTRA GAMING D6X 8GB,981630,981500,986950,1719850,1719850,1719850,1719850,1719850,1719850
15359087,EVGA 지포스 RTX 3070 XC3 ULTRA GAMING D6 8GB LHR,919240,952580,839000,839000,825970,825730,818640,818580,818410
14896601,EVGA 지포스 RTX 3080 FTW3 ULTRA GAMING D6X 10GB LHR,1155840,1155610,1159650,1159400,1158960,1158900,1158660,1158420,1158360
16207859,EVGA 지포스 RTX 3080 FTW3 ULTRA GAMING D6X 12GB LHR,1236470,1236280,1236050,1235750,1235560,1235450,1235200,1234970,1234900
15931151,EVGA 지포스 RTX 3080 FTW3 ULTRA HYBRID GAMING D6X 10GB LHR,1325900,1325900,1325900,1325900,1325900,1325900,1325900,1325900,1325900
16636808,EVGA 지포스 RTX 3080 FTW3 ULTRA HYBRID GAMING D6X 12GB LHR,1639020,1638950,1638830,1638200,1638010,1637840,1637650,1637590,1637350
14398400,EVGA 지포스 RTX 3080 Ti FTW3 ULTRA GAMING D6X 12GB,1670800,1670800,1670800,1670820,1670820,1670820,1611130,1611070,1610830
15931733,EVGA 지포스 RTX 3080 Ti FTW3 ULTRA HYBRID GAMING D6X 12GB,1748710,1748530,1748360,1746300,1746060,1745830,1745640,1745580,1745340
14398436,EVGA 지포스 RTX 3080 Ti XC3 ULTRA GAMING D6X 12GB,1484800,1484530,1484350,1484110,1482480,1482240,1474280,1474100,1473870
15617732,EVGA 지포스 RTX 3080 Ti XC3 ULTRA HYBRID GAMING D6X 12GB,1578160,1577980,1577860,1576450,1576220,1575980,1575790,1575730,1575490
15461534,EVGA 지포스 RTX 3080 XC3 ULTRA GAMING D6X 10GB LHR,1040000,1040000,1040000,1040000,1055190,1055190,1142860,1142800,1142560
16637105,EVGA 지포스 RTX 3080 XC3 ULTRA GAMING D6X 12GB LHR,1164810,1164580,1164340,1159940,1159590,1159350,1159160,1159100,1158860
16003142,EVGA 지포스 RTX 3080 XC3 ULTRA HYBRID GAMING D6X 10GB LHR,0,0,0,0,0,0,0,0,0
12375728,EVGA 지포스 RTX 3090 FTW3 ULTRA GAMING D6X 24GB,2202350,2201730,2201490,2201150,2200860,2200670,2200380,2200190,2199960
16734413,EVGA 지포스 RTX 3090 Ti FTW3 BLACK GAMING D6X 24GB,0,0,0,0,0,0,0,0,0
16734506,EVGA 지포스 RTX 3090 Ti FTW3 GAMING D6X 24GB,2763540,2763410,2763290,2763010,2762720,2762480,2762290,2762230,2761990
16734569,EVGA 지포스 RTX 3090 Ti FTW3 ULTRA GAMING D6X 24GB,3118200,3118200,3117200,3117200,3117200,3117200,3117000,3117000,3117000
12273350,EVGA 지포스 RTX 3090 XC3 ULTRA GAMING D6X 24GB,3457950,3457950,3457950,3457950,3165250,3458000,3457950,3457950,3457950
8549444,GAINWARD 지포스 GTX 1650 고스트 OC D5 4GB,0,0,0,0,0,0,0,0,0
12076346,GAINWARD 지포스 GTX 1650 고스트 OC D6 4GB,418000,418000,418000,418000,339000,418000,418000,418000,418000
13152725,GAINWARD 지포스 GTX 1660 SUPER 고스트 D6 6GB 백플레이트,900000,900000,900000,900000,900000,900000,900000,900000,900000
9787452,GAINWARD 지포스 GTX 1660 SUPER 고스트 OC D6 6GB 백플레이트,420000,420000,420000,420000,420000,420000,420000,420000,420000
13659461,GAINWARD 지포스 GTX 1660 SUPER 고스트 OC V1 D6 6GB 백플레이트,424000,424000,424000,416000,416000,416000,415600,415600,415600
13493789,GAINWARD 지포스 GTX 1660 SUPER 고스트 V1 D6 6GB 백플레이트,451810,451810,451810,417330,417330,417330,417330,417330,417330
15414089,GAINWARD 지포스 GTX 1660 Ti 고스트 V1 D6 6GB,406800,406730,389700,382660,382420,382180,381990,381930,381870
14206214,GAINWARD 지포스 RTX 2060 SUPER 고스트 V1 D6 8GB,689120,688940,682990,682760,682570,682450,677540,682030,681800
15931298,GAINWARD 지포스 RTX 2060 고스트 V1 D6 12GB,483610,483590,483400,483200,483610,483610,483130,483130,483130
13494161,GAINWARD 지포스 RTX 2060 고스트 V2 D6 6GB,1841710,1841700,1841580,1841520,1841460,1841280,1841220,1841040,1840990
16426796,GAINWARD 지포스 RTX 3060 Ti 고스트 OC V1 D6 8GB LHR,0,0,0,0,0,0,0,0,0
14824754,GAINWARD 지포스 RTX 3060 Ti 고스트 V1 D6 8GB LHR,708000,708000,703900,708000,708000,772800,832670,832550,832320
14824829,GAINWARD 지포스 RTX 3060 고스트 D6 12GB LHR,536320,536200,535960,531430,531190,531010,530770,530590,530530
16462016,GAINWARD 지포스 RTX 3060 고스트 OC D6 12GB LHR,586160,577700,577470,558070,586160,586160,586160,586160,561000
14442641,GAINWARD 지포스 RTX 3070 Ti 피닉스 D6X 8GB,927000,927000,890000,890000,927000,927000,927000,927000,927000
15424838,GAINWARD 지포스 RTX 3070 피닉스 GS OC V1 D6 8GB LHR,1088000,1088000,1088000,1088000,1088000,1088000,1088000,1088000,1088000
14649035,GAINWARD 지포스 RTX 3070 피닉스 V1 D6 8GB LHR,829710,829580,829360,829110,828800,828560,828330,828140,827910
14379911,GAINWARD 지포스 RTX 3080 Ti 피닉스 D6X 12GB,1491000,1491000,1448100,1442350,1442180,1442010,1441820,1441760,1441700
14827511,GAINWARD 지포스 RTX 3080 피닉스 V1 D6X 10GB LHR,1098110,1097980,1097740,1097590,1097390,1097150,1096900,1096660,1096420
16160909,GAINWARD 지포스 RTX 3080 피닉스 V1 D6X 12GB LHR,1188740,1188670,1151150,1149080,1149080,1149080,1149080,1149080,1149080
16714361,GAINWARD 지포스 RTX 3090 Ti 팬텀 D6X 24GB,0,0,0,0,0,0,2835500,2835500,2705120
12216590,GAINWARD 지포스 RTX 3090 피닉스 D6X 24GB,2444000,2444000,2189000,2189000,2189000,2189000,2189000,2189000,2189000
12216593,GAINWARD 지포스 RTX 3090 피닉스 GS OC D6X 24GB,2550000,2550000,2550000,2550000,2550000,2550000,2550000,2550000,2550000
13647584,GIGABYTE AORUS 라데온 RX 6700 XT ELITE D6 12GB 제이씨현,838890,838760,838580,838540,838290,838050,837810,837630,837570
13647104,GIGABYTE AORUS 라데온 RX 6700 XT ELITE D6 12GB 피씨디렉트,1750000,1750000,820000,0,0,0,0,0,0
13049903,GIGABYTE AORUS 라데온 RX 6800 Master D6 16GB 제이씨현,1639000,1639000,1639000,1639000,1639000,1639000,1639000,1639000,1639000
13013888,GIGABYTE AORUS 라데온 RX 6800 Master D6 16GB 피씨디렉트,2000000,2000000,2000000,2000000,2000000,2000000,2000000,2000000,2000000
13049927,GIGABYTE AORUS 라데온 RX 6800 XT Master D6 16GB 제이씨현,1288160,1288220,1288050,1287870,1287810,1287630,1287570,1287330,1287090
12971702,GIGABYTE AORUS 라데온 RX 6800 XT Master D6 16GB 피씨디렉트,2500000,2500000,2500000,2500000,2500000,2500000,2500000,2500000,2500000
13061297,GIGABYTE AORUS 라데온 RX 6800 XT Master TYPE-C D6 16GB,2160000,2160000,2160000,2160000,2160000,2160000,2160000,2160000,2160000
13696871,GIGABYTE AORUS 라데온 RX 6900 XT Master D6 16GB 피씨디렉트,1728750,1728750,1728750,1728750,1728750,1728750,1728750,1728750,1728750
14288348,GIGABYTE AORUS 라데온 RX 6900 XT Xtreme 워터블럭 D6 16GB 제이씨현,1631700,1631700,1631700,1631700,1631700,1631700,1631700,1631700,1631700
14856152,GIGABYTE AORUS 라데온 RX 6900 XT Xtreme 워터블럭 D6 16GB 피씨디렉트,1628190,1628120,1627890,1625840,1625600,1625360,1625170,1625110,1624870
14459372,GIGABYTE AORUS 지포스 RTX 3060 ELITE V2 D6 12GB 제이씨현,575900,575720,575520,575300,571740,571500,571260,571070,570830
14453669,GIGABYTE AORUS 지포스 RTX 3060 ELITE V2 D6 12GB 피씨디렉트,577000,577000,569260,569040,568860,568680,568470,568290,568230
14682743,GIGABYTE AORUS 지포스 RTX 3060 Ti ELITE V2 D6 8GB 제이씨현,759280,759160,758520,758510,749310,749310,755030,753100,757610
14873822,GIGABYTE AORUS 지포스 RTX 3060 Ti ELITE V2 D6 8GB 피씨디렉트,762770,762770,798930,789310,798820,798580,793270,793210,792970
12577781,GIGABYTE AORUS 지포스 RTX 3070 Master D6 8GB 제이씨현,1748660,1748660,1728600,1728550,1750950,1750950,1728550,1728330,1728550
12575201,GIGABYTE AORUS 지포스 RTX 3070 Master D6 8GB 피씨디렉트,1449950,1449950,1445960,1445950,1449950,1449950,1449950,1449950,1449950
14719217,GIGABYTE AORUS 지포스 RTX 3070 Master V2 D6 8GB 제이씨현,932800,932800,932620,931440,928630,928390,928200,928140,927900
14979035,GIGABYTE AORUS 지포스 RTX 3070 Master V2 D6 8GB 피씨디렉트,879460,879460,949000,927190,949000,927190,949000,949000,949000
14446814,GIGABYTE AORUS 지포스 RTX 3070 Ti Master D6X 8GB 제이씨현,987900,987720,986380,986050,984580,984350,984160,984100,983860
14429933,GIGABYTE AORUS 지포스 RTX 3070 Ti Master D6X 8GB 피씨디렉트,1059000,1059000,1049970,1037830,1037710,1032450,1032270,1032210,1032150
13042667,GIGABYTE AORUS 지포스 RTX 3080 D6X 10GB Gaming box 피씨디렉트,1583350,1583350,1583350,1583350,1583350,1583350,1583350,1583350,1583350
16286225,GIGABYTE AORUS 지포스 RTX 3080 Master D6X 12GB 제이씨현,1356140,1355960,1355900,1355660,1355430,1355190,1355000,1354940,1354700
16292312,GIGABYTE AORUS 지포스 RTX 3080 Master D6X 12GB 피씨디렉트,1399000,1399000,1399000,1399000,1399000,1399000,1399000,1399000,1399000
14244446,GIGABYTE AORUS 지포스 RTX 3080 Master V2 D6X 10GB 피씨디렉트,2567080,2566950,2566890,2566710,2566590,2566540,2566350,2566290,2566050
14602214,GIGABYTE AORUS 지포스 RTX 3080 Master V3 D6X 10GB 피씨디렉트,1558800,1558800,1558800,1558800,1558800,1558800,1558800,1558800,1558800
14379896,GIGABYTE AORUS 지포스 RTX 3080 Ti Master D6X 12GB 제이씨현,1715650,1715460,1715290,1710690,1710450,1710270,1710100,1709860,1709620
14379887,GIGABYTE AORUS 지포스 RTX 3080 Ti Master D6X 12GB 피씨디렉트,1729990,1729990,1729990,1729990,1729990,1729990,1729990,1729990,1729990
14379905,GIGABYTE AORUS 지포스 RTX 3080 Ti Xtreme D6X 12GB 제이씨현,3200000,3200000,3200000,3200000,3200000,3200000,3200000,3200000,3200000
14392127,GIGABYTE AORUS 지포스 RTX 3080 Ti Xtreme D6X 12GB 피씨디렉트,3400000,3400000,3400000,3400000,3400000,3400000,3400000,3400000,3400000
14648570,GIGABYTE AORUS 지포스 RTX 3080 Ti Xtreme 워터블럭 D6X 12GB 제이씨현,1799710,1799650,1799470,1799230,1798990,1798810,1798750,1798510,1798270
15344207,GIGABYTE AORUS 지포스 RTX 3080 Ti Xtreme 워터블럭 D6X 12GB 피씨디렉트,1800650,1800580,1800520,1800280,1799390,1799330,1798150,1798090,1797850
14648414,GIGABYTE AORUS 지포스 RTX 3080 Ti Xtreme 워터포스 D6X 12GB 제이씨현,0,0,0,0,0,0,0,0,0
15344915,GIGABYTE AORUS 지포스 RTX 3080 Ti Xtreme 워터포스 D6X 12GB 피씨디렉트,0,0,0,0,0,0,0,0,0
16858619,GIGABYTE AORUS 지포스 RTX 3080 V2 D6X 10GB Gaming box 피씨디렉트,0,0,1571730,1571730,1571730,1571730,1571730,1571730,1571730
14675387,GIGABYTE AORUS 지포스 RTX 3080 Xtreme V2 D6X 10GB 피씨디렉트,3500000,3500000,3500000,3500000,3500000,3500000,3500000,3500000,3500000
12715352,GIGABYTE AORUS 지포스 RTX 3080 Xtreme 워터블럭 D6X 10GB 제이씨현,1429950,1429950,1429950,1429950,1429950,1429950,1429950,1429950,1429950
16286543,GIGABYTE AORUS 지포스 RTX 3080 Xtreme 워터블럭 D6X 12GB 제이씨현,1670230,1670230,1670230,1670230,1670230,1670230,1670230,1670230,1670230
16292366,GIGABYTE AORUS 지포스 RTX 3080 Xtreme 워터블럭 D6X 12GB 피씨디렉트,1517850,1517720,1517540,1517410,1517410,1517350,1517170,1516990,1516750
15037571,GIGABYTE AORUS 지포스 RTX 3080 Xtreme 워터블럭 V2 D6X 10GB 제이씨현,1480400,1480400,1480400,1480400,1480400,1480400,1480400,1480400,1480400
15173729,GIGABYTE AORUS 지포스 RTX 3080 Xtreme 워터블럭 V2 D6X 10GB 피씨디렉트,1334170,1334230,1334110,1333870,1333750,1333690,1333510,1333330,1333280
12715607,GIGABYTE AORUS 지포스 RTX 3080 Xtreme 워터포스 D6X 10GB 제이씨현,1526180,1526110,1526050,2082500,2351990,2351930,2351760,2302990,2302930
12738554,GIGABYTE AORUS 지포스 RTX 3080 Xtreme 워터포스 D6X 10GB 피씨디렉트,1570000,1570000,1570000,1570000,1570000,1570000,1570000,1570000,1570000
16379144,GIGABYTE AORUS 지포스 RTX 3080 Xtreme 워터포스 D6X 12GB 피씨디렉트,1643000,1643000,1643000,1643000,1643000,1643000,1643000,1643000,1643000
12957146,GIGABYTE AORUS 지포스 RTX 3090 D6X 24GB Gaming box 제이씨현,4499990,4499990,4499990,4499990,4499990,4499990,4499990,4499990,4499990
13061132,GIGABYTE AORUS 지포스 RTX 3090 D6X 24GB Gaming box 피씨디렉트,4499990,4499990,4499990,4499990,4499990,4499990,4499990,4499990,4499990
12214055,GIGABYTE AORUS 지포스 RTX 3090 Master D6X 24GB 제이씨현,5183810,5183630,5183570,5183390,5183340,5183150,5182910,5075990,5075750
12488372,GIGABYTE AORUS 지포스 RTX 3090 Master D6X 24GB 피씨디렉트,4504900,4504800,4504700,4504550,4504400,4504200,4504100,4504050,4503900
14626343,GIGABYTE AORUS 지포스 RTX 3090 Master V2 D6X 24GB 피씨디렉트,3390000,3390000,3390000,3390000,0,0,0,0,0
16702541,GIGABYTE AORUS 지포스 RTX 3090 Ti Xtreme 워터포스 D6X 24GB 제이씨현,3102980,3102850,3102730,3102490,3102260,3101960,3101780,3101720,3101480
16697003,GIGABYTE AORUS 지포스 RTX 3090 Ti Xtreme 워터포스 D6X 24GB 피씨디렉트,3298990,3298990,3298990,3298990,3298990,3298990,3298990,3298990,3298990
12214037,GIGABYTE AORUS 지포스 RTX 3090 Xtreme D6X 24GB 제이씨현,3519000,3519000,3519000,3519000,3519000,3519000,3519000,3519000,3519000
12626474,GIGABYTE AORUS 지포스 RTX 3090 Xtreme D6X 24GB 피씨디렉트,4030910,4030910,4030730,4030550,4030380,4030140,4029950,4029890,2499000
12848315,GIGABYTE AORUS 지포스 RTX 3090 Xtreme 워터블럭 D6X 24GB 피씨디렉트,0,0,0,0,0,0,0,0,0
16225055,GIGABYTE 라데온 RX 6500 XT EAGLE D6 4GB 제이씨현,299180,299180,299180,283430,283430,283430,283430,283430,283430
16227968,GIGABYTE 라데온 RX 6500 XT EAGLE D6 4GB 피씨디렉트,281700,281570,281450,281270,281040,280850,280680,280670,280430
16224779,GIGABYTE 라데온 RX 6500 XT Gaming OC D6 4GB 제이씨현,275720,275540,275830,273150,272930,272710,272470,272300,272060
16227899,GIGABYTE 라데온 RX 6500 XT Gaming OC D6 4GB 피씨디렉트,290550,290420,290300,290060,289830,289590,289400,289340,289110
15427058,GIGABYTE 라데온 RX 6600 EAGLE D6 8GB 제이씨현,392610,392480,392300,392120,389840,389600,389470,389410,389170
15428156,GIGABYTE 라데온 RX 6600 EAGLE D6 8GB 피씨디렉트,384940,384700,384510,383070,382500,382210,380050,379990,374620
14980607,GIGABYTE 라데온 RX 6600 XT EAGLE D6 8GB 제이씨현,663800,663800,663800,663800,663800,663800,663800,663800,663800
14980346,GIGABYTE 라데온 RX 6600 XT EAGLE D6 8GB 피씨디렉트,648660,648660,549000,526130,526130,526130,526130,526130,526130
14980652,GIGABYTE 라데온 RX 6600 XT Gaming OC D6 8GB 제이씨현,617470,617470,617470,617470,617470,617470,617470,617470,617470
14980412,GIGABYTE 라데온 RX 6600 XT Gaming OC D6 8GB 피씨디렉트,575740,575670,575280,572810,571630,571390,565040,564980,564740
14980700,GIGABYTE 라데온 RX 6600 XT Gaming OC PRO D6 8GB 제이씨현,627150,626970,626850,599560,599430,599380,599190,599130,598890
14980448,GIGABYTE 라데온 RX 6600 XT Gaming OC PRO D6 8GB 피씨디렉트,586600,594740,586300,586170,585940,585700,585460,585270,585030
13647473,GIGABYTE 라데온 RX 6700 XT D6 12GB 제이씨현,2000000,2000000,2000000,2000000,2000000,2000000,2000000,2000000,2000000
13647515,GIGABYTE 라데온 RX 6700 XT EAGLE D6 12GB 제이씨현,684590,684410,684120,683870,683580,683390,683100,682910,676430
13646753,GIGABYTE 라데온 RX 6700 XT EAGLE D6 12GB 피씨디렉트,691000,733420,733300,733120,732490,732370,676000,676000,676000
13647554,GIGABYTE 라데온 RX 6700 XT Gaming OC D6 12GB 제이씨현,728280,728150,727970,727790,727610,727380,727190,727130,726890
13646882,GIGABYTE 라데온 RX 6700 XT Gaming OC D6 12GB 피씨디렉트,722200,722200,730080,699000,699000,699000,699000,699000,699000
12729665,GIGABYTE 라데온 RX 6800 D6 16GB 피씨디렉트,2700000,2700000,2700000,2700000,2700000,2700000,2700000,2700000,2700000
12766673,GIGABYTE 라데온 RX 6800 Gaming OC D6 16GB 제이씨현,1223300,1205550,1213410,1179390,1179210,1179150,1178920,1178910,1178670
12979202,GIGABYTE 라데온 RX 6800 Gaming OC D6 16GB 피씨디렉트,1466170,1466170,1466110,1465930,1465810,1465750,1465570,1465390,1465210
12766757,GIGABYTE 라데온 RX 6800 XT Gaming OC D6 16GB 제이씨현,1262980,1262980,1262980,1178050,1188510,1188510,1188510,1188510,1188510
12904829,GIGABYTE 라데온 RX 6800 XT Gaming OC D6 16GB 피씨디렉트,1163160,1163160,1163160,1163160,1163160,1163160,1163160,1163160,1163160
13149686,GIGABYTE 라데온 RX 6900 XT Gaming OC D6 16GB 제이씨현,1522070,1521940,1521820,1521640,1521460,1521290,1521100,1521040,1520800
13149614,GIGABYTE 라데온 RX 6900 XT Gaming OC D6 16GB 피씨디렉트,1580000,1580000,1580000,1580000,1580000,1580000,1580000,1580000,1580000
14696159,GIGABYTE 지포스 GTX 1650 MINI ITX D5 4GB 피씨디렉트,423350,423350,423350,423350,423350,423350,423350,423350,423350
7778446,GIGABYTE 지포스 GTX 1650 MINI ITX OC D5 4GB 제이씨현,510000,510000,510000,510000,510000,510000,510000,510000,510000
14177165,GIGABYTE 지포스 GTX 1650 MINI ITX OC D5 4GB 피씨디렉트,499990,499990,499990,499990,499990,499990,499990,499990,499990
9983868,GIGABYTE 지포스 GTX 1650 SUPER WINDFORCE OC D6 4GB 제이씨현,939990,939990,939990,939990,939990,939990,939990,939990,939990
9893484,GIGABYTE 지포스 GTX 1650 UD2 OC D5 4GB Nano LP 제이씨현,319970,319970,319970,319970,319970,319860,319670,319610,319370
14100743,GIGABYTE 지포스 GTX 1650 UD2 OC D5 4GB Nano LP 피씨디렉트,347690,347570,347510,347330,347270,347030,346800,346670,346380
11360466,GIGABYTE 지포스 GTX 1650 UD2 OC D6 4GB Nano LP 제이씨현,470480,470480,470480,478580,476000,475950,470480,470480,470480
13934633,GIGABYTE 지포스 GTX 1650 UD2 OC D6 4GB Nano LP 피씨디렉트,468410,468410,463320,458230,469020,469020,458480,458480,458480
11001705,GIGABYTE 지포스 GTX 1650 UD2 OC D6 4GB 제이씨현,438990,438990,438990,438990,438990,438990,438990,438990,438990
12352322,GIGABYTE 지포스 GTX 1650 UD2 OC D6 4GB 피씨디렉트,405600,405600,405600,405600,405600,405600,374400,374400,374400
12450575,GIGABYTE 지포스 GTX 1650 UD2 OC V2 D6 4GB 제이씨현,0,0,0,354660,354420,354180,353940,353750,353510
15825011,GIGABYTE 지포스 GTX 1650 UD2 OC V2 D6 4GB 피씨디렉트,436700,436520,436340,436160,435930,435740,435570,435380,435200
15308195,GIGABYTE 지포스 GTX 1650 UD2 V2 D6 4GB 피씨디렉트,440320,440320,440320,440320,440320,440320,440320,440320,440320
15978761,GIGABYTE 지포스 GTX 1650 UD2 V3 D6 4GB 피씨디렉트,439120,439120,439120,439120,439120,439120,439120,439120,439120
7778368,GIGABYTE 지포스 GTX 1650 UDV OC D5 4GB 제이씨현,311390,311320,311140,310900,310660,310420,310240,310060,309820
13980731,GIGABYTE 지포스 GTX 1650 UDV OC D5 4GB 피씨디렉트,489710,489710,489650,489590,489350,489110,488880,488750,491350
14873795,GIGABYTE 지포스 GTX 1650 WINDFORCE D6 4GB 피씨디렉트,442840,442660,442600,442360,442130,441890,441700,441640,441400
14115761,GIGABYTE 지포스 GTX 1650 WINDFORCE OC D5 4GB 피씨디렉트,1300000,1300000,1300000,1300000,1300000,1300000,1300000,1300000,1300000
11001627,GIGABYTE 지포스 GTX 1650 WINDFORCE OC D6 4GB 제이씨현,409640,409510,409390,409340,409330,409270,409030,408850,408790
12364487,GIGABYTE 지포스 GTX 1650 WINDFORCE OC D6 4GB 피씨디렉트,432690,432690,432690,432690,399800,399680,399500,399440,399380
12450545,GIGABYTE 지포스 GTX 1650 WINDFORCE V2 OC D6 4GB 제이씨현,0,0,0,0,0,0,347100,346910,346670
9788790,GIGABYTE 지포스 GTX 1660 SUPER Gaming OC D6 6GB 제이씨현,1081000,1081000,1081000,1081000,1081000,1081000,1081000,1081000,1081000
12352160,GIGABYTE 지포스 GTX 1660 SUPER Gaming OC D6 6GB 피씨디렉트,635780,635780,635780,635780,635780,635780,635780,635780,635780
14535110,GIGABYTE 지포스 GTX 1660 SUPER UDV D6 6GB 피씨디렉트,411630,411510,411450,411330,411270,411030,410800,410790,410560
9789000,GIGABYTE 지포스 GTX 1660 SUPER UDV OC D6 6GB 제이씨현,409480,410660,409920,409740,407520,407460,407280,407220,407160
12364529,GIGABYTE 지포스 GTX 1660 SUPER UDV OC D6 6GB 피씨디렉트,395470,395280,395170,391460,393720,393660,393490,393300,393060
14942507,GIGABYTE 지포스 GTX 1660 Ti UDV D6 6GB 피씨디렉트,426800,426800,409200,403040,401280,401280,401280,401280,401280
7309957,GIGABYTE 지포스 GTX 1660 Ti UDV OC D6 6GB 제이씨현,418700,418700,418700,414460,414460,414460,414290,414100,413870
12541991,GIGABYTE 지포스 GTX 1660 Ti UDV OC D6 6GB 피씨디렉트,415600,403210,403030,401650,401590,401480,401290,401230,401170
7461577,GIGABYTE 지포스 GTX 1660 UDV OC D5 6GB 제이씨현,431060,430880,430760,430520,430290,430100,429930,429920,429680
12364586,GIGABYTE 지포스 GTX 1660 UDV OC D5 6GB 피씨디렉트,459190,459190,459190,459190,459190,459190,459190,459190,459190
7024276,GIGABYTE 지포스 RTX 2060 Gaming OC D6 6GB,1283670,1283670,1283670,1283670,1283670,1283670,1283670,1283670,1283670
8483241,GIGABYTE 지포스 RTX 2060 SUPER WINDFORCE OC D6 8GB 제이씨현,681430,681300,681180,667930,667700,667460,667270,667210,667030
15871790,GIGABYTE 지포스 RTX 2060 UDV D6 12GB 제이씨현,511460,511400,511270,489000,489000,489000,489000,489000,489000
15883835,GIGABYTE 지포스 RTX 2060 UDV D6 12GB 피씨디렉트,580000,580000,580000,580000,580000,580000,580000,580000,580000
10908519,GIGABYTE 지포스 RTX 2060 UDV D6 6GB 제이씨현,494730,494550,494370,494190,493950,493710,493470,493290,493110
13980893,GIGABYTE 지포스 RTX 2060 UDV D6 6GB 피씨디렉트,524130,524130,524130,524130,507320,520230,520230,520230,520230
7024378,GIGABYTE 지포스 RTX 2060 UDV OC D6 6GB 제이씨현,886990,886990,886990,886990,886990,886990,886990,886990,886990
13253135,GIGABYTE 지포스 RTX 2060 UDV OC D6 6GB 피씨디렉트,570580,570580,570580,570580,572460,572460,572460,572460,572460
15118775,GIGABYTE 지포스 RTX 2060 UDV V2 D6 6GB 피씨디렉트,458390,458210,458080,457850,444990,444990,444870,444630,444390
15872198,GIGABYTE 지포스 RTX 2060 WINDFORCE OC D6 12GB 제이씨현,544940,544760,544700,538360,535660,535490,535250,535060,534820
15883877,GIGABYTE 지포스 RTX 2060 WINDFORCE OC D6 12GB 피씨디렉트,466080,466020,463700,457030,456060,455820,454020,464990,457530
13458977,GIGABYTE 지포스 RTX 3060 EAGLE D6 12GB 제이씨현,549900,549900,549900,549900,549900,549900,549900,549900,549660
13455566,GIGABYTE 지포스 RTX 3060 EAGLE D6 12GB 피씨디렉트,649950,649950,649950,649950,649950,649950,649950,649950,649950
14459492,GIGABYTE 지포스 RTX 3060 EAGLE OC V2 D6 12GB 제이씨현,527770,527590,527210,526720,524440,524160,523920,523680,523440
14453714,GIGABYTE 지포스 RTX 3060 EAGLE OC V2 D6 12GB 피씨디렉트,519950,519760,516700,517920,515830,515700,541900,541900,524110
14459528,GIGABYTE 지포스 RTX 3060 EAGLE V2 D6 12GB 제이씨현,570710,570600,552550,552370,552670,641500,754690,754690,754690
14493545,GIGABYTE 지포스 RTX 3060 EAGLE V2 D6 12GB 피씨디렉트,572450,572450,537550,537490,537310,537070,519890,519650,519410
14459402,GIGABYTE 지포스 RTX 3060 Gaming OC V2 D6 12GB 제이씨현,537090,536910,536960,536600,533890,533150,532910,532290,532050
14453744,GIGABYTE 지포스 RTX 3060 Gaming OC V2 D6 12GB 피씨디렉트,544130,554660,535780,537110,534000,533150,531730,531430,531240
14478413,GIGABYTE 지포스 RTX 3060 Ti EAGLE OC V2 D6 8GB 제이씨현,754880,754810,747840,731160,722750,722510,722320,722200,702240
14480888,GIGABYTE 지포스 RTX 3060 Ti EAGLE OC V2 D6 8GB 피씨디렉트,690660,690420,690190,689950,686830,686790,718650,718460,702240
14478539,GIGABYTE 지포스 RTX 3060 Ti EAGLE V2 D6 8GB 제이씨현,834990,834990,834990,834990,834990,834990,834990,834990,834990
14480987,GIGABYTE 지포스 RTX 3060 Ti EAGLE V2 D6 8GB 피씨디렉트,722000,722000,722060,722060,842700,842700,842700,842700,842700
13183187,GIGABYTE 지포스 RTX 3060 Ti Gaming OC PRO V2 D6 8GB 제이씨현,947840,947840,947840,947840,947840,947840,947840,947840,947840
14036630,GIGABYTE 지포스 RTX 3060 Ti Gaming OC PRO V2 D6 8GB 피씨디렉트,805990,805990,805990,805990,805990,805990,805990,805990,805990
14476103,GIGABYTE 지포스 RTX 3060 Ti Gaming OC PRO V3 D6 8GB 제이씨현,751030,750900,750720,744930,743790,743550,743260,743070,742830
14873684,GIGABYTE 지포스 RTX 3060 Ti Gaming OC PRO V3 D6 8GB 피씨디렉트,713010,712950,728430,713370,713370,713370,713370,713370,713370
14729381,GIGABYTE 지포스 RTX 3060 Ti Gaming OC V2 D6 8GB 제이씨현,727120,727120,764260,747280,743810,743570,736840,736780,725800
14873729,GIGABYTE 지포스 RTX 3060 Ti Gaming OC V2 D6 8GB 피씨디렉트,722040,721980,721750,721520,719670,719410,719330,738880,738690
15906446,GIGABYTE 지포스 RTX 3060 Ti Gaming V2 D6 8GB 피씨디렉트,748700,748700,0,0,0,0,0,0,0
14478284,GIGABYTE 지포스 RTX 3060 Ti VISION OC V2 D6 8GB 제이씨현,739450,739450,739410,739260,737760,737700,737470,737460,737220
14586203,GIGABYTE 지포스 RTX 3060 Ti VISION OC V2 D6 8GB 피씨디렉트,744950,744780,731470,731290,729170,728930,728740,728680,728390
14459453,GIGABYTE 지포스 RTX 3060 VISION OC V2 D6 12GB 제이씨현,568220,568100,567970,563910,555830,555590,555350,555160,563910
14479811,GIGABYTE 지포스 RTX 3060 VISION OC V2 D6 12GB 피씨디렉트,550000,550000,550000,550000,545920,545730,543720,543530,543290
14837663,GIGABYTE 지포스 RTX 3070 EAGLE OC V2 D6 8GB 피씨디렉트,1065000,1065000,1065000,1065000,1065000,1065000,1064970,1064970,1064970
14856329,GIGABYTE 지포스 RTX 3070 EAGLE V2 D6 8GB 피씨디렉트,1458000,1458000,1458000,1458000,1458000,1458000,1458000,1458000,1458000
14719271,GIGABYTE 지포스 RTX 3070 Gaming OC V2 D6 8GB 제이씨현,847600,847540,847420,847170,845260,845200,844960,844900,844660
14857991,GIGABYTE 지포스 RTX 3070 Gaming OC V2 D6 8GB 피씨디렉트,842390,842330,842080,841840,839190,838950,838760,838700,838460
14446817,GIGABYTE 지포스 RTX 3070 Ti EAGLE D6X 8GB 제이씨현,950880,950700,942450,942270,942040,941850,933300,933120,933060
14430104,GIGABYTE 지포스 RTX 3070 Ti EAGLE D6X 8GB 피씨디렉트,1197990,1197990,1197990,1197990,1098140,1197990,1197990,1197990,1197990
14446820,GIGABYTE 지포스 RTX 3070 Ti EAGLE OC D6X 8GB 제이씨현,957610,957550,957430,957250,957020,914490,930200,930200,930200
14430137,GIGABYTE 지포스 RTX 3070 Ti EAGLE OC D6X 8GB 피씨디렉트,960000,960000,960000,960000,960000,960000,960000,960000,960000
14446823,GIGABYTE 지포스 RTX 3070 Ti Gaming OC D6X 8GB 제이씨현,938710,938640,938460,933000,929490,919600,929060,928960,928720
14430260,GIGABYTE 지포스 RTX 3070 Ti Gaming OC D6X 8GB 피씨디렉트,919950,919770,933440,920080,918740,918500,968940,968880,968710
14446826,GIGABYTE 지포스 RTX 3070 Ti VISION OC D6X 8GB 제이씨현,916350,916640,916570,948670,955050,919600,943550,943370,943130
14430383,GIGABYTE 지포스 RTX 3070 Ti VISION OC D6X 8GB 피씨디렉트,935730,935660,935430,934190,931260,919550,911360,911120,910880
14944832,GIGABYTE 지포스 RTX 3070 VISION OC V2 D6 8GB 피씨디렉트,1020160,1020030,1019850,1019670,1019440,1019200,1019010,1018950,1018890
12672485,GIGABYTE 지포스 RTX 3080 EAGLE D6X 10GB 피씨디렉트,1741640,1741520,1741340,1741160,1740980,1740920,1740680,1740500,1740320
16156427,GIGABYTE 지포스 RTX 3080 EAGLE D6X 12GB 제이씨현,1534500,1534500,1534500,1534500,1534500,1534500,1534500,1534500,1534500
16168760,GIGABYTE 지포스 RTX 3080 EAGLE D6X 12GB 피씨디렉트,1259000,1259000,1259000,1259000,1259000,1259000,1259000,1259000,1259000
14687765,GIGABYTE 지포스 RTX 3080 EAGLE OC V2 D6X 10GB 피씨디렉트,1233050,1232870,1232750,1232690,1232450,1232270,1207110,1206920,1206690
14648696,GIGABYTE 지포스 RTX 3080 EAGLE V2 D6X 10GB 피씨디렉트,3000000,3000000,3000000,3000000,3000000,3000000,3000000,3000000,3000000
16156235,GIGABYTE 지포스 RTX 3080 Gaming OC D6X 12GB 제이씨현,1154020,1148220,1142620,1187660,1187490,1187330,1187140,1187080,1187020
16168799,GIGABYTE 지포스 RTX 3080 Gaming OC D6X 12GB 피씨디렉트,1194690,1194690,1194690,1194690,1194690,1194690,1194690,1194690,1194690
15435230,GIGABYTE 지포스 RTX 3080 Gaming OC V2 D6X 10GB 워터블럭 피씨디렉트,1291310,1291130,1290950,1290760,1290640,1290590,1290530,1290340,1290100
14598227,GIGABYTE 지포스 RTX 3080 Gaming OC V2 D6X 10GB 제이씨현,1126360,1126180,1126060,1125830,1125590,1125400,1122120,1122060,1121820
14636465,GIGABYTE 지포스 RTX 3080 Gaming OC V2 D6X 10GB 피씨디렉트,1105100,1105090,1105100,1105100,1152400,1152400,1152400,1152400,1152400
14379899,GIGABYTE 지포스 RTX 3080 Ti EAGLE D6X 12GB 제이씨현,1480800,1480670,1480490,1480260,1476450,1476210,1475970,1475900,1475660
14379890,GIGABYTE 지포스 RTX 3080 Ti EAGLE D6X 12GB 피씨디렉트,1515870,1515800,1515560,1515320,1407790,1407790,1407790,1407790,1407790
14379908,GIGABYTE 지포스 RTX 3080 Ti EAGLE OC D6X 12GB 제이씨현,1479000,1479000,1479000,1478950,1478890,1478830,1478640,1478580,1478520
16568507,GIGABYTE 지포스 RTX 3080 Ti EAGLE OC D6X 12GB 피씨디렉트,1399000,1399000,1399000,1399000,1399000,1399000,1399000,1399000,1399000
14351684,GIGABYTE 지포스 RTX 3080 Ti Gaming OC D6X 12GB 제이씨현,1448300,1448120,1447930,1411240,1405930,1405690,1405500,1405260,1405020
14351696,GIGABYTE 지포스 RTX 3080 Ti Gaming OC D6X 12GB 피씨디렉트,1411420,1411420,1411420,1411420,1411420,1411420,1411420,1411420,1411420
14379902,GIGABYTE 지포스 RTX 3080 Ti VISION OC D6X 12GB 제이씨현,1485720,1485540,1468760,1468520,1462690,1462450,1462210,1462020,1461780
14379893,GIGABYTE 지포스 RTX 3080 Ti VISION OC D6X 12GB 피씨디렉트,1411420,1411420,1411420,1411420,1411420,1411420,1411420,1411420,1411420
14561216,GIGABYTE 지포스 RTX 3080 VISION OC V2 D6X 10GB 제이씨현,1153560,1153500,1153320,1109690,1096880,1096880,1096880,1096870,1096630
14636414,GIGABYTE 지포스 RTX 3080 VISION OC V2 D6X 10GB 피씨디렉트,1126100,1125980,1125800,1125670,1116540,1116300,1116060,1115870,1115630
12513326,GIGABYTE 지포스 RTX 3090 EAGLE D6X 24GB 피씨디렉트,2866010,2866010,2866010,2866010,2866010,2866010,2866010,2866010,2866010
12190286,GIGABYTE 지포스 RTX 3090 EAGLE OC D6X 24GB 제이씨현,2790000,2790000,2790000,2790000,2790000,2790000,2790000,2790000,2790000
12357611,GIGABYTE 지포스 RTX 3090 EAGLE OC D6X 24GB 피씨디렉트,2332000,2332000,2332000,2332000,2332000,2332000,2332000,2332000,2332000
12190271,GIGABYTE 지포스 RTX 3090 Gaming OC D6X 24GB 제이씨현,2448380,2448380,2447390,2437260,2437020,2436830,2436710,2436650,2428990
12357608,GIGABYTE 지포스 RTX 3090 Gaming OC D6X 24GB 피씨디렉트,2474180,2473990,2473870,2474890,2474890,2474890,2474890,2474890,2474890
16702481,GIGABYTE 지포스 RTX 3090 Ti Gaming D6X 24GB 제이씨현,2656280,2656160,2656040,2649580,2649350,2649160,2648980,2648800,2648560
16697063,GIGABYTE 지포스 RTX 3090 Ti Gaming D6X 24GB 피씨디렉트,2638530,2638450,2638390,2638210,2638090,2637910,2637800,2637730,2637670
16702520,GIGABYTE 지포스 RTX 3090 Ti Gaming OC D6X 24GB 제이씨현,2724030,2693880,2663330,2663090,2662850,2662610,2662370,2662130,2661890
16696877,GIGABYTE 지포스 RTX 3090 Ti Gaming OC D6X 24GB 피씨디렉트,2701040,2700980,2700860,2700740,2700560,2700320,2700080,2699900,2699840
12584381,GIGABYTE 지포스 RTX 3090 VISION OC D6X 24GB 피씨디렉트,3567990,3567990,3602400,3602400,3602400,3602400,3602400,3602400,3602400
16441964,HP 지포스 RTX 3070 D6 8GB (벌크),968000,968000,968000,968000,968000,968000,968000,968000,968000
16666958,HP 지포스 RTX 3090 D6X 24GB (벌크),3899950,3899950,3899950,3899950,3899950,3899950,3899950,3899950,3899950
13467572,INNO3D iChiLL 지포스 RTX 3060 D6 12GB X3 RED,2650500,2650500,2650500,2650500,2650500,2650500,2650500,2650500,2650500
14523086,INNO3D iChiLL 지포스 RTX 3060 Ti D6 8GB X3 RED LHR,758580,758580,758580,758580,758580,758580,758580,758580,758580
14801852,INNO3D iChiLL 지포스 RTX 3070 D6 8GB X3 LHR,843860,843730,843670,843490,843430,843250,843140,842950,842710
14801987,INNO3D iChiLL 지포스 RTX 3070 D6 8GB X4 LHR,1166000,1166000,1166000,1166000,1166000,1166000,1166000,1166000,1166000
14861789,INNO3D iChiLL 지포스 RTX 3070 Ti D6X 8GB X4,1009800,1009800,1009800,1128350,1113820,1128350,1128350,1128350,1128350
14909213,INNO3D iChiLL 지포스 RTX 3080 D6X 10GB X3 LHR,1243400,1243400,1243400,1156570,1243400,1243400,1243400,1243400,1165790
14575742,INNO3D iChiLL 지포스 RTX 3080 D6X 10GB X4 LHR,1243400,1218140,1218020,1217840,1215000,1214760,1210380,1210140,1209900
16161176,INNO3D iChiLL 지포스 RTX 3080 D6X 12GB X4 LHR,1417350,1417280,1417100,1416920,1416860,1416620,1416440,1416380,1416140
15344714,INNO3D iChiLL 지포스 RTX 3080 Ti BLACK D6X 12GB,2155090,2155020,2154840,2154660,2154540,2154490,2154300,2154240,2154000
14803832,INNO3D iChiLL 지포스 RTX 3080 Ti D6X 12GB X3,1621920,1618280,1618100,1617920,1617690,1617450,1617060,1616880,1616640
14379647,INNO3D iChiLL 지포스 RTX 3080 Ti D6X 12GB X4,1638470,1634940,1634820,1634640,1634520,1634280,1633990,1633800,1633570
12213647,INNO3D iChiLL 지포스 RTX 3090 D6X 24GB X3,0,0,0,0,0,0,0,0,0
12213656,INNO3D iChiLL 지포스 RTX 3090 D6X 24GB X4,2286240,2286180,2286120,2285690,2278240,2278000,2150430,2150430,2216940
11092035,INNO3D 지포스 GTX 1650 OC D6 4GB X2,336160,336030,335910,335850,335790,335610,335550,335370,335320
14471960,INNO3D 지포스 GTX 1660 SUPER V2 D6 6GB TWIN X2,429300,429300,429300,429300,429300,429300,429300,429300,429300
7314934,INNO3D 지포스 GTX 1660 Ti D6 6GB TWIN X2,755200,755200,755200,755200,755200,755200,755200,755200,755200
14088293,INNO3D 지포스 GTX 1660 Ti V2 D6 6GB TWIN X2,1800000,1800000,1800000,1800000,1800000,1800000,1800000,1800000,1800000
8922722,INNO3D 지포스 GTX 1660 V2 D5 6GB TWIN X2,1100000,1100000,1100000,1100000,1100000,1100000,1100000,1100000,1100000
13675586,INNO3D 지포스 RTX 2060 D6 6GB TWIN X2,522990,522990,522990,522990,522990,522990,522990,522990,522990
8108158,INNO3D 지포스 RTX 2060 GAMING OC D6 6GB,1600000,1600000,1600000,1600000,1600000,1600000,1600000,1600000,1600000
15945167,INNO3D 지포스 RTX 2060 OC D6 12GB TWIN X2,531690,531560,531500,531320,531260,531080,531020,530840,530790
8479275,INNO3D 지포스 RTX 2060 SUPER OC D6 8GB 백플레이트,780000,780000,780000,780000,780000,780000,780000,780000,780000
14909129,INNO3D 지포스 RTX 3060 D6 12GB TWIN X2,517700,517480,517240,517000,516820,516490,516260,516020,515840
13467581,INNO3D 지포스 RTX 3060 OC D6 12GB TWIN X2,515000,515000,531900,531900,531900,531900,531900,531900,531900
14861477,INNO3D 지포스 RTX 3060 Ti D6 8GB TWIN X2 LHR,696600,696600,812210,812030,811910,811850,811610,811370,811310
14575871,INNO3D 지포스 RTX 3060 Ti OC D6 8GB TWIN X2 LHR,913000,913000,752600,752600,752600,752600,752600,752600,752600
14522642,INNO3D 지포스 RTX 3070 OC D6 8GB TWIN X2 LHR,865630,848750,865590,865410,865350,865110,1047760,1047710,1047710
14472482,INNO3D 지포스 RTX 3070 Ti OC D6X 8GB X3,936000,945450,1161270,1161270,1242000,1242000,1242000,1242000,1242000
16534004,INNO3D 지포스 RTX 3080 OC D6X 10GB X3 LHR,0,0,0,0,0,0,0,0,0
14522819,INNO3D 지포스 RTX 3080 Ti D6X 12GB X3,1494740,1477220,1477100,1476860,1476630,1476390,1476000,1475760,1475520
14398778,INNO3D 지포스 RTX 3080 Ti OC D6X 12GB X3,1525020,1568100,1568100,1568100,1568100,1568100,1568100,1568100,1568100
16537166,INNO3D 지포스 RTX 3090 D6X 24GB X3,2855990,2855990,2855990,2855990,2855990,2855990,2855990,2855990,2855990
16808492,INNO3D 지포스 RTX 3090 Ti OC D6X 24GB X3,2603100,2602820,2602640,2601970,2601730,2591420,2591180,2590900,2590660
13777100,MANLI 지포스 GTX 1650 Typhoon D6 4GB,313090,313150,313030,312850,312550,312310,312070,311890,311830
15894728,MANLI 지포스 RTX 2060 SUPER Gallardo OC V2 D6 8GB,1325930,1311140,1296180,1281280,1281050,1280810,1280620,1280560,1280500
13456268,MANLI 지포스 RTX 3060 Rush D6 12GB,1810000,1810000,1810000,1810000,1810000,1810000,1810000,1810000,1810000
15758033,MANLI 지포스 RTX 3060 Ti Rush D6 8GB LHR,0,0,0,0,0,0,0,0,0
15721796,MANLI 지포스 RTX 3070 Gallardo D6 8GB LHR,892610,892610,892610,892610,892610,892610,892610,892610,892610
15735068,MANLI 지포스 RTX 3070 Rush D6 8GB LHR,1331800,1331620,1331560,1331500,1331270,1331080,1330900,1330720,1330660
15757727,MANLI 지포스 RTX 3070 Ti Rush D6X 8GB LHR,1048790,1048790,1048790,1048790,1048790,1048790,1048790,1048790,1048790
16194194,MANLI 지포스 RTX 3080 Rush D6X 10GB LHR,1559310,1559310,1559310,1559310,1305440,1305440,1305440,1305440,1305440
16406153,MSI 라데온 RX 6500 XT 메크 2X OC D6 4GB,287900,287900,287900,286340,280100,280100,287900,287900,287900
14990954,MSI 라데온 RX 6600 XT 게이밍 X D6 8GB 트윈프로져8,588620,588440,588250,588070,579110,558000,535630,535460,535270
14991092,MSI 라데온 RX 6600 XT 메크 2X OC D6 8GB,561050,561040,560860,560680,552110,506580,492310,492070,491830
15297479,MSI 라데온 RX 6600 XT 메크 2X OC V1 D6 8GB,609000,609000,609000,609000,609000,609000,514100,514100,514100
15435041,MSI 라데온 RX 6600 메크 2X D6 8GB,409870,409690,383080,386970,353550,390950,394680,394440,394200
15842378,MSI 라데온 RX 6600 아머 D6 8GB,389000,389000,389000,389000,399000,399000,399000,399000,399000
15830630,MSI 라데온 RX 6600 아머 V1 D6 8GB,407000,407000,1400000,1400000,1400000,1400000,1400000,1400000,1400000
14036195,MSI 라데온 RX 6700 XT 게이밍 X D6 12GB 트윈프로져8,775900,775900,775900,775900,764780,764480,712490,712310,712070
13668875,MSI 라데온 RX 6700 XT 메크 D6 12GB,702470,702350,702170,701990,691860,689000,679600,678600,681200
13668932,MSI 라데온 RX 6700 XT 메크 OC D6 12GB,758470,758340,758930,758750,758590,731400,728400,727400,728400
13097591,MSI 라데온 RX 6800 XT 게이밍 X 트리오 D6 16GB 트라이프로져2,1286840,1286840,1286840,1286840,1262690,1286840,1194290,1194290,1194290
16348940,MSI 라데온 RX 6800 XT 게이밍 Z 트리오 D6 16GB 트라이프로져2,1109930,1109750,1109570,1109570,1110900,1109900,1093730,1093510,1093270
12964313,MSI 라데온 RX 6800 게이밍 X 트리오 D6 16GB 트라이프로져2,1038700,1038700,1038700,1032550,1032550,988980,988980,988980,988980
13363850,MSI 라데온 RX 6900 XT 게이밍 X 트리오 D6 16GB 트라이프로져2,1480820,1480640,1480520,1480470,1458380,1480160,1391540,1391960,1391720
15196157,MSI 라데온 RX 6900 XT 게이밍 Z 트리오 D6 16GB 트라이프로져2,2078660,2078660,2078660,2078660,2078660,2078660,2078660,2078660,2078660
9983136,MSI 지포스 GTX 1650 SUPER 게이밍 X D6 4GB 트윈프로져7,1600000,1600000,1600000,1600000,1600000,1600000,1600000,1600000,1600000
15200915,MSI 지포스 GTX 1650 게이밍 X D6 4GB 트윈프로져7,396000,396000,396000,396000,396000,396000,396000,396000,396000
14076602,MSI 지포스 GTX 1650 게이밍 X 플러스 D6 4GB 트윈프로져7,1200000,1200000,1200000,1200000,1200000,1200000,1200000,1200000,1200000
14981876,MSI 지포스 GTX 1650 벤투스 S D5 4GB,450000,450000,450000,0,495960,0,0,0,0
7776679,MSI 지포스 GTX 1650 벤투스 S OC D5 4GB,307400,307400,307400,302000,319000,319000,319000,319000,399810
11001012,MSI 지포스 GTX 1650 벤투스 S OC D6 4GB,312000,312000,315000,315000,315000,315000,315000,315000,315000
11821303,MSI 지포스 GTX 1650 벤투스 S OC V1 D5 4GB,354850,354850,307400,307400,307400,307400,307400,307400,290830
12401186,MSI 지포스 GTX 1650 벤투스 S OC V1 D6 4GB,410100,410100,307400,309050,292080,300390,300150,299960,299730
13844237,MSI 지포스 GTX 1650 벤투스 S V2 OC D6 4GB,0,0,0,0,0,0,0,0,0
11001126,MSI 지포스 GTX 1650 에어로 ITX OC D6 4GB,336190,336190,336190,336190,304400,336190,336190,336190,336190
11201817,MSI 지포스 GTX 1660 SUPER 게이밍 D6 6GB 트윈프로져7,1800000,1800000,1800000,1800000,1800000,1800000,1800000,1800000,1800000
9790326,MSI 지포스 GTX 1660 SUPER 게이밍 X D6 6GB 트윈프로져7,1379950,1379950,1380000,1380000,1380000,1380000,1499950,1499950,1499950
13289183,MSI 지포스 GTX 1660 SUPER 게이밍 Z 플러스 D6 6GB 트윈프로져7,1650000,1650000,1650000,1650000,1650000,1650000,1650000,1650000,1650000
12626360,MSI 지포스 GTX 1660 SUPER 벤투스 OC D6 6GB,417120,416940,416760,411530,411410,411230,411170,410990,410880
9790371,MSI 지포스 GTX 1660 SUPER 벤투스 S OC D6 6GB,398980,398850,398730,408990,405680,405570,405440,405380,405320
7458586,MSI 지포스 GTX 1660 벤투스 S OC D5 6GB,569990,569990,569990,569990,569990,569990,569990,569990,569990
16047968,MSI 지포스 RTX 2060 벤투스 OC D6 12GB,468950,468950,468950,469000,465940,454450,454450,454450,464500
14776451,MSI 지포스 RTX 3060 Ti 게이밍 X D6 8GB 트윈프로져8 LHR,747870,749000,739500,689000,748990,748750,749000,748950,748990
15369467,MSI 지포스 RTX 3060 Ti 벤투스 2X OC V1 D6 8GB LHR,2300000,699000,0,1840000,1840000,1840000,1840000,1840000,1840000
13470908,MSI 지포스 RTX 3060 게이밍 X D6 12GB 트윈프로져8,519500,550940,550900,549330,519700,549330,519500,519450,552470
13512254,MSI 지포스 RTX 3060 벤투스 2X OC D6 12GB,539000,539000,736000,736000,736000,736000,736000,736000,736000
14461811,MSI 지포스 RTX 3070 Ti 게이밍 X 트리오 D6X 8GB 트라이프로져2,919490,980380,980380,980380,918990,977500,977500,947310,988660
14461691,MSI 지포스 RTX 3070 Ti 벤투스 3X OC D6X 8GB,1715900,1715900,1715900,1715900,1715900,1715900,1715900,1715900,1715900
14461889,MSI 지포스 RTX 3070 Ti 슈프림 X D6X 8GB 트라이프로져2S,1041900,1043660,1043480,1048940,1048940,1048760,1038050,1042180,1042060
14741900,MSI 지포스 RTX 3070 게이밍 Z 트리오 D6 8GB 트라이프로져2 LHR,891660,898990,898880,898940,893960,893910,835900,830770,896750
14741960,MSI 지포스 RTX 3070 벤투스 2X OC D6 8GB LHR,841780,841170,848950,843090,843090,842930,842930,845360,845340
14398094,MSI 지포스 RTX 3080 Ti 게이밍 X 트리오 D6X 12GB 트라이프로져2,1584110,1583880,1598950,1598950,1598890,1598710,1598950,1598950,1598950
14398229,MSI 지포스 RTX 3080 Ti 벤투스 3X OC D6X 12GB,1520240,1520060,1519000,1519000,1490000,1490000,1490000,1490000,1490000
14397899,MSI 지포스 RTX 3080 Ti 슈프림 X D6X 12GB 트라이프로져2S,1634720,1748770,1748770,1758940,1634990,1738540,1759000,1758950,1759000
14942981,MSI 지포스 RTX 3080 게이밍 Z 트리오 D6X 10GB 트라이프로져2 LHR,1078270,1078080,1086110,1086050,1098930,1098690,1098580,1098370,1095700
16168922,MSI 지포스 RTX 3080 게이밍 Z 트리오 D6X 12GB 트라이프로져2 LHR,1160700,1160120,1214310,1214310,1160990,1158000,1215730,1215600,1215050
16986437,MSI 지포스 RTX 3080 게이밍 트리오 플러스 D6X 12GB 트라이프로져2 LHR,0,0,0,0,0,0,0,0,0
16916114,MSI 지포스 RTX 3080 벤투스 3X PLUS OC D6X 12GB LHR,1198400,1198400,1198290,1198400,1198400,1198400,1185890,1189950,1189950
16917596,MSI 지포스 RTX 3080 벤투스 3X PLUS OC D6X 12GB LHR (해외구매),1984990,1984990,1984990,1984990,1984990,1984990,1786500,1984990,1984990
14741834,MSI 지포스 RTX 3080 슈프림 X D6X 10GB 트라이프로져2S LHR,1196040,1192170,1248890,1160950,1160950,1160890,1161000,1160950,1221860
16168556,MSI 지포스 RTX 3080 슈프림 X D6X 12GB 트라이프로져2S LHR,1300380,1293070,1398950,1351220,1382830,1347090,1299800,1299800,1347230
16986743,MSI 지포스 RTX 3090 Ti 게이밍 X 트리오 D6X 24GB 트라이프로져2,0,0,0,0,0,2697500,2697500,2697500,2697500
16987331,MSI 지포스 RTX 3090 Ti 게이밍 X 트리오 D6X 24GB 트라이프로져2 (해외구매),0,0,0,0,3495850,3498230,3475910,3415080,3412040
16742315,MSI 지포스 RTX 3090 Ti 슈프림 X D6X 24GB 트라이프로져2S,2973000,2965910,2965730,2965550,2965310,2965080,2964890,2964840,2964650
12184379,MSI 지포스 RTX 3090 게이밍 X 트리오 D6X 24GB 트라이프로져2,2198810,2199000,2198950,2199000,2198940,2198890,2198950,2198950,2198950
12213866,MSI 지포스 RTX 3090 벤투스 3X OC D6X 24GB,2842560,2842560,2842560,2842560,2842560,2842560,2842560,2842560,2842560
12762116,MSI 지포스 RTX 3090 슈프림 X D6X 24GB 트라이프로져2S,2294910,2370410,2201730,2335190,2335190,2335190,2335190,2335130,2329000
16509977,NVIDIA 지포스 RTX 3070 Ti Founders Edition D6X 8GB (해외구매),2600000,2600000,2600000,2600000,2600000,2600000,2600000,2600000,2600000
16905161,NVIDIA 지포스 RTX 3080 Ti Founders Edition D6X 12GB (해외구매),2278470,2278470,2278470,2278470,2278470,2278470,2278470,2278470,2278470
11001873,PALIT 지포스 GTX 1650 GAMINGPRO OC D6 4GB,700000,700000,700000,700000,700000,700000,700000,700000,700000
13484372,PALIT 지포스 GTX 1660 SUPER GAMINGPRO NL D6 6GB,398080,398080,398080,398080,398080,398080,398080,398080,398080
9789540,PALIT 지포스 GTX 1660 SUPER GAMINGPRO OC D6 6GB,483600,483600,483600,483600,483600,483600,483600,483600,483600
15411656,PALIT 지포스 GTX 1660 Ti Dual NL D6 6GB,389380,389380,389380,389380,389380,389380,388580,388580,388580
15871949,PALIT 지포스 RTX 2060 DUAL NL D6 12GB,457390,457320,457200,457020,456010,455770,455530,455340,455110
13467653,PALIT 지포스 RTX 3060 Dual D6 12GB,547550,547550,535550,533140,532960,532900,532670,532480,532300
13467650,PALIT 지포스 RTX 3060 Dual OC D6 12GB,590020,590020,590020,590020,590020,590020,590020,590020,590020
14804777,PALIT 지포스 RTX 3060 Ti Dual D6 8GB LHR,712060,687280,722610,722430,722370,722190,719440,719250,719010
14705294,PALIT 지포스 RTX 3070 GAMINGPRO D6 8GB LHR,955000,955000,955000,955000,955000,955000,954840,954840,954840
14446811,PALIT 지포스 RTX 3070 Ti GAMINGPRO D6X 8GB,935000,935000,935000,935000,936070,935830,935620,935440,935190
14789288,PALIT 지포스 RTX 3080 GAMINGPRO D6X 10GB LHR,2302990,2302990,2302990,2302990,2302990,2302990,2302990,2302990,2302990
16160780,PALIT 지포스 RTX 3080 GAMINGPRO D6X 12GB LHR,1333000,1332840,1332770,1332480,1332290,1332050,1331810,1331570,1331330
14379917,PALIT 지포스 RTX 3080 Ti GAMINGPRO D6X 12GB,1463700,1463520,1463400,1447330,1447090,1446850,1446560,1446370,1446130
12647591,PALIT 지포스 RTX 3090 GAMEROCK OC D6X 24GB,6009000,6009000,6009000,6009000,6009000,6009000,6009000,6009000,6009000
12193163,PALIT 지포스 RTX 3090 GAMINGPRO D6X 24GB,2428200,2428020,2427960,2427780,2427720,2427480,2427300,2427240,2427180
12193169,PALIT 지포스 RTX 3090 GAMINGPRO OC D6X 24GB,2981250,2981250,2981250,2981250,2981250,2981250,2981250,2981250,2981250
16706999,PALIT 지포스 RTX 3090 Ti GAMEROCK D6X 24GB STCOM,2815340,2815160,2814980,2814810,2814680,2814510,2814320,2814260,2814200
16706639,PALIT 지포스 RTX 3090 Ti GAMEROCK D6X 24GB 이엠텍,2904320,2904260,2904200,2903960,2903780,2903720,2903480,2903300,2903240
16889432,PALIT 지포스 RTX 3090 Ti GAMEROCK OC D6X 24GB 이엠텍,3069990,3069860,3069680,3069430,3069200,3069010,3068750,3068560,3068380
11783506,PNY XLR8 지포스 GTX 1660 SUPER OC D6 6GB 마이크로닉스,1092000,1092000,1092000,1092000,1092000,1092000,1092000,1092000,1092000
12503714,PNY XLR8 지포스 GTX 1660 SUPER OC D6 6GB 제이씨현,453700,453610,453400,453430,453310,453310,475860,475860,475860
14696054,PNY XLR8 지포스 RTX 2060 Gaming OC D6 6GB 제이씨현,578990,578990,578990,578990,578990,578990,578990,578990,578990
15638465,PNY XLR8 지포스 RTX 2060 Gaming OC V2 D6 6GB 마이크로닉스,471290,471280,471100,470920,470690,470450,470210,470020,469780
15498281,PNY XLR8 지포스 RTX 2060 Gaming OC V2 D6 6GB 제이씨현,559680,559610,559430,557550,557320,557080,556890,556830,556590
15667109,PNY XLR8 지포스 RTX 2060 SUPER Gaming OC V2 D6 8GB,687600,687420,687240,687060,686900,686660,686420,686230,685990
14718155,PNY XLR8 지포스 RTX 3070 Ti UPRISING EPIC-X RGB D6X 8GB Triple 마이크로닉스,983910,983780,983660,983480,983300,983240,983010,982840,982600
14943164,PNY XLR8 지포스 RTX 3070 Ti UPRISING EPIC-X RGB D6X 8GB Triple 제이씨현,1037690,1037750,1037690,1037510,1037330,1037270,1037100,1037090,1036850
14966870,PNY XLR8 지포스 RTX 3080 Ti UPRISING EPIC-X RGB D6X 12GB Triple 마이크로닉스,1890000,1890000,1890000,1890000,1890000,1890000,1890000,1890000,1890000
14943338,PNY XLR8 지포스 RTX 3080 Ti UPRISING EPIC-X RGB D6X 12GB Triple 제이씨현,1844640,1844570,1844510,1844390,1842950,1842780,1842590,1842530,1842290
14966627,PNY XLR8 지포스 RTX 3080 UPRISING EPIC-X RGB D6X 10GB Triple LHR 마이크로닉스,2140000,2140000,2140000,2140000,2140000,2140000,2140000,2140000,2140000
15013439,PNY XLR8 지포스 RTX 3080 UPRISING EPIC-X RGB D6X 10GB Triple LHR 제이씨현,1090600,1090420,1090360,1090130,1089880,1089640,1089400,1089210,1088970
13379024,PNY XLR8 지포스 RTX 3090 REVEL EPIC-X RGB D6X 24GB Triple,3210000,3210000,3210000,3210000,3210000,3210000,3210000,3210000,3210000
12660470,PNY XLR8 지포스 RTX 3090 UPRISING EPIC-X RGB D6X 24GB Triple 제이씨현,2583220,2583040,2582860,2582740,2582620,2582570,2582510,2582320,2582080
15735287,PNY 지포스 GTX 1650 D6 4GB Single,388140,388010,383960,383730,383490,383250,383060,383000,382770
16271615,PNY 지포스 RTX 2060 UPRISING D6 12GB Dual 마이크로닉스,458090,457900,457720,457540,457310,457120,456940,456880,456640
14717927,PNY 지포스 RTX 3060 Ti UPRISING D6 8GB Dual LHR 마이크로닉스,725000,725000,725000,725000,725000,725000,725000,725000,725000
14648225,PNY 지포스 RTX 3060 Ti UPRISING D6 8GB Dual LHR 제이씨현,705210,746000,746000,746000,746000,746000,746000,746000,716920
15617888,PNY 지포스 RTX 3060 UPRISING D6 12GB Dual 마이크로닉스,543260,543260,543260,543260,543260,543260,543260,543260,543260
15049097,PNY 지포스 RTX 3060 UPRISING D6 12GB Dual 제이씨현,549000,549000,549000,549000,549000,549000,549000,549000,549000
15298592,PNY 지포스 RTX 3070 UPRISING D6 8GB Dual LHR 제이씨현,860470,860290,860220,859980,859690,859500,859330,859320,859090
12573812,PNY 지포스 RTX 3070 UPRISING D6 8GB Dual 마이크로닉스,2079570,2079390,2079330,2079210,2079090,2079030,2078860,2078850,2078620
16838162,PNY 지포스 RTX 3080 UPRISING D6X 12GB Triple LHR 제이씨현,1290000,1290000,1290000,1290000,1290000,1290000,1290000,1290000,1290000
16224023,PowerColor 라데온 RX 6500 XT Fighter D6 4GB,251230,251230,251220,251120,250870,250330,250290,250060,249870
15427832,PowerColor 라데온 RX 6600 Fighter D6 8GB,379000,379000,379000,379000,379000,379000,379000,379000,379000
15553970,PowerColor 라데온 RX 6600 Hellhound D6 8GB,1521000,1521000,1521000,1521000,1521000,1521000,1521000,1521000,1521000
14977763,PowerColor 라데온 RX 6600 XT Hellhound D6 8GB,0,0,0,0,0,0,0,0,0
14978066,PowerColor 라데온 RX 6600 XT Red Devil D6 8GB,1210000,1210000,1210000,1210000,1210000,1210000,1210000,1210000,1210000
13663412,PowerColor 라데온 RX 6700 XT Hellhound D6 12GB,899000,899000,899000,899000,899000,899000,899000,899000,899000
13723676,PowerColor 라데온 RX 6700 XT Red Devil D6 12GB,929000,929000,929000,929000,929000,929000,929000,929000,929000
13054754,PowerColor 라데온 RX 6800 XT Red Devil D6 16GB,2024140,2024140,2024140,2024140,2024140,2024140,2024140,2024140,2024140
14288834,PowerColor 라데온 RX 6900 XT Red Devil D6 16GB,1549950,1549950,1546950,1546950,1289000,1289000,1289000,1289000,1289000
16231076,SAPPHIRE 라데온 RX 6500 XT PULSE OC D6 4GB Dual-X,293020,292790,292710,292530,292470,292290,288680,288500,288260
15428015,SAPPHIRE 라데온 RX 6600 PULSE D6 8GB Dual-X,385170,384780,383270,382880,382640,382160,382210,381970,381680
14975048,SAPPHIRE 라데온 RX 6600 XT NITRO+ OC D6 8GB Dual-X,594730,594590,594350,593720,593540,593370,587680,587490,587030
14974442,SAPPHIRE 라데온 RX 6600 XT PULSE OC D6 8GB Dual-X,629000,629000,629000,629000,629000,629000,629000,629000,629000
13645934,SAPPHIRE 라데온 RX 6700 XT NITRO+ OC D6 12GB Tri-X,773520,773250,773130,772840,772650,772480,771830,771590,771350
13646039,SAPPHIRE 라데온 RX 6700 XT PULSE D6 12GB Dual-X,706720,706310,706080,705850,705670,705550,705370,705130,704890
15219524,SAPPHIRE 라데온 RX 6700 XT PULSE OC D6 12GB Dual-X,1120740,1120560,1120500,1120320,1120260,1120020,1119780,1119600,1119540
12769406,SAPPHIRE 라데온 RX 6800 NITRO+ OC D6 16GB Tri-X,1542660,1542530,1542350,1542170,1542110,1541870,1541640,1541450,1541210
12862835,SAPPHIRE 라데온 RX 6800 PULSE OC D6 16GB Tri-X,1225640,1225640,1225640,1225640,1225640,1225640,1225640,1225640,1225640
12769409,SAPPHIRE 라데온 RX 6800 XT NITRO+ OC D6 16GB Tri-X,0,0,0,0,0,0,0,0,0
12769412,SAPPHIRE 라데온 RX 6800 XT NITRO+ Special Edition OC D6 16GB Tri-X,4000000,4000000,4000000,4100000,4100000,4100000,4100000,4100000,4100000
14164469,SAPPHIRE 라데온 RX 6800 XT PULSE OC D6 16GB Tri-X,1122400,1129580,1129400,1129160,1128930,1128740,1128500,1128260,1128020
14158349,SAPPHIRE 라데온 RX 6900 XT NITRO+ Special Edition OC D6 16GB Tri-X,1585330,1585260,1585080,1584900,1584670,1584430,1584240,1584180,1583940
16747226,SAPPHIRE 라데온 RX 6900 XT TOXIC Air Cooled OC D6 16GB,1831090,1830960,1830900,1830720,1830600,1830540,1830300,1830120,1830060
14158409,SAPPHIRE 라데온 RX 6900 XT TOXIC OC D6 16GB Extreme Edition,1932250,1932070,1931890,1931710,1931470,1931230,1930990,1930700,1930510
11603234,TAGER 지포스 GTX 1660 SUPER D6 6GB,0,0,0,0,0,438640,0,438390,438160
16224614,XFX 라데온 RX 6500 XT QICK 210 BLACK D6 4GB,349190,349060,348930,348750,348690,348450,348220,348150,347910
15427364,XFX 라데온 RX 6600 SWFT 210 CORE D6 8GB,431710,431640,395850,390390,390390,390390,390390,390390,428990
14979443,XFX 라데온 RX 6600 XT MERC 308 BLACK D6 8GB,1063820,1063820,1063760,1063520,1063290,1063100,1062920,1062740,1062680
14979494,XFX 라데온 RX 6600 XT QICK 308 BLACK D6 8GB,590000,590000,526890,503000,503000,500300,500060,499820,499530
15132614,XFX 라데온 RX 6600 XT SWFT 210 CORE D6 8GB,597070,596890,596770,535000,513600,583530,494390,494200,493910
13653647,XFX 라데온 RX 6700 XT MERC 319 BLACK D6 12GB,1799000,1799000,1799000,1799000,1799000,1799000,1799000,1799000,1799000
13787789,XFX 라데온 RX 6700 XT QICK 319 BLACK D6 12GB,732000,732000,699790,699790,834000,834000,834000,834000,845930
13682417,XFX 라데온 RX 6700 XT QICK 319 ULTRA D6 12GB,1559000,1559000,1559000,1559000,1559000,1600000,1600000,1600000,1600000
15132413,XFX 라데온 RX 6700 XT SWFT 309 CORE D6 12GB,2000000,2000000,2000000,2000000,2000000,2000000,2000000,2000000,2000000
14218931,XFX 라데온 RX 6800 QICK 319 BLACK D6 16GB,0,0,0,0,0,0,0,0,0
14411957,XFX 라데온 RX 6800 XT MERC 319 D6 16GB,1230590,1230460,1230340,1230160,1230100,1229860,1147310,1147310,1147310
15545297,XFX 라데온 RX 6800 XT SWFT 319 CORE D6 16GB,1195620,1195440,1195390,1195390,1195390,1195390,1195390,1195390,1195390
13068080,XFX 라데온 RX 6900 XT MERC 319 BLACK D6 16GB,1563950,1563950,1563950,1563950,1563950,1563950,1563950,1563950,1563950
15472550,XFX 라데온 RX 6900 XT MERC 319 Limited BLACK D6 16GB,2238810,2238630,2238570,2238450,2238330,2238270,2238090,2237910,2237860
15472787,XFX 라데온 RX 6900 XT ZERO EKWB Limited Edition D6 16GB,2514390,2514260,2514080,2514020,2513780,2513540,2513300,2513120,2513060
12504776,ZOTAC GAMING 지포스 GTX 1650 AMP CORE D6 4GB,424610,424610,424610,424610,424610,427020,427020,427020,427020
11001498,ZOTAC GAMING 지포스 GTX 1650 OC D6 4GB,447990,447990,447990,447990,447990,447990,447990,447990,447990
9783714,ZOTAC GAMING 지포스 GTX 1660 SUPER AMP D6 6GB 백플레이트,1000000,1000000,1000000,1000000,1000000,1000000,1000000,1000000,1000000
9783615,ZOTAC GAMING 지포스 GTX 1660 SUPER D6 6GB TWIN,437000,436820,432490,432480,422870,422630,422400,422210,421980
9460728,ZOTAC GAMING 지포스 RTX 2060 AIR D6 6GB,1300000,1300000,1300000,1300000,1300000,1300000,1300000,1300000,1300000
15868349,ZOTAC GAMING 지포스 RTX 2060 D6 12GB TWIN,454990,454920,454800,454620,454560,454380,454260,454200,453960
14853878,ZOTAC GAMING 지포스 RTX 3060 TWIN Edge OC D6 12GB LHR,546310,545650,542560,512170,526600,526820,544900,535100,544900
14967074,ZOTAC GAMING 지포스 RTX 3060 Ti TWIN Edge OC D6 8GB LHR,799000,799000,896590,878130,815930,832910,896480,896290,896050
14824238,ZOTAC GAMING 지포스 RTX 3070 TWIN Edge OC D6 8GB LHR,949000,949000,958920,958920,958920,958920,958920,958920,958920
14705405,ZOTAC GAMING 지포스 RTX 3070 Ti Trinity OC D6X 8GB,910690,910500,957700,936520,894000,910000,967890,967880,967830
12644603,ZOTAC GAMING 지포스 RTX 3080 AMP Holo Black D6X 10GB,3200000,3200000,3200000,3200000,3200000,3200000,3200000,3200000,3200000
14379113,ZOTAC GAMING 지포스 RTX 3080 Ti AMP Holo Black D6X 12GB,2608960,2608900,2608720,2608540,2608480,2608240,2608010,2607820,2607590
14694815,ZOTAC GAMING 지포스 RTX 3080 Ti Trinity OC D6X 12GB,1398130,1398010,1397830,1397660,1411120,1400980,1394660,1394470,1404140
16528460,ZOTAC GAMING 지포스 RTX 3080 Ti 검은 호랑이 기념판 D6X 12GB,1394510,1394260,1465230,1449680,1481130,1503020,1493450,1489540,1489300
15108581,ZOTAC GAMING 지포스 RTX 3080 Trinity D6X 10GB LHR,0,0,0,0,0,0,0,0,0
16155590,ZOTAC GAMING 지포스 RTX 3080 Trinity D6X 12GB LHR,2151160,2151160,2151160,1255800,1255800,1255800,1255800,1255800,1255800
14443649,ZOTAC GAMING 지포스 RTX 3080 Trinity OC D6X 10GB,4361160,4361160,4361160,4361160,4361160,4361160,4361160,4361160,4361160
15465224,ZOTAC GAMING 지포스 RTX 3080 Trinity OC D6X 10GB White LHR,1785000,1785000,1785000,1785000,1785000,1785000,1785000,1785000,1785000
15014204,ZOTAC GAMING 지포스 RTX 3090 AMP EXTREME Holo D6X 24GB,3502400,3502400,3502400,3502400,3502400,3502400,3502400,3502400,3502400
14813270,ZOTAC GAMING 지포스 RTX 3090 ArcticStorm D6X 24GB,3502400,3502400,3502400,3502400,3502400,3502400,3502400,3502400,3502400
16702817,ZOTAC GAMING 지포스 RTX 3090 Ti AMP EXTREME Holo D6X 24GB,2780580,2788630,2866010,2863070,2862830,2868190,2957090,2957030,2858400
12203036,ZOTAC GAMING 지포스 RTX 3090 Trinity D6X 24GB,2450000,2450000,2450000,2450000,2450000,2450000,2420000,2420000,2420000
14442005,ZOTAC 지포스 RTX 3070 Ti AMP Holo Black D6X 8GB,1975000,1975000,1975000,1975000,1975000,1975000,1975000,1975000,1975000
14442290,ZOTAC 지포스 RTX 3070 Ti Trinity D6X 8GB,997500,997500,997500,997500,997500,997500,997500,997500,997500
7479631,갤럭시 BOY 지포스 GTX 1660 D5 6GB,824000,824000,824000,824000,824000,824000,824000,824000,824000
7115296,갤럭시 BOY 지포스 RTX 2060 D6 6GB,963900,963900,963900,963900,963900,963900,963900,963900,963900
15145340,갤럭시 BOY 지포스 RTX 3060 V2 D6 12GB,654750,654750,654750,654750,654750,654750,654750,654750,654750
12203915,갤럭시 BOY 지포스 RTX 3090 SG D6X 24GB,3835350,3835350,3835290,3835230,3835110,3835050,3834870,3834810,3834750
10996128,갤럭시 GALAX 지포스 GTX 1650 BLACK EX D6 4GB,316500,316340,316210,318990,318990,318210,314990,314990,317580
11813914,갤럭시 GALAX 지포스 GTX 1650 BLACK EX PLUS OC D6 4GB,800000,800000,800000,800000,800000,800000,800000,800000,800000
10996143,갤럭시 GALAX 지포스 GTX 1650 D6 4GB LP,386830,386830,386830,386830,377320,377320,377310,377310,377310
9983658,갤럭시 GALAX 지포스 GTX 1650 SUPER EX BLACK OC D6 4GB,449000,449000,449000,449000,449000,449000,449000,449000,449000
12013568,갤럭시 GALAX 지포스 GTX 1650 SUPER EX WHITE OC D6 4GB,632000,632000,0,0,0,0,0,0,0
7462198,갤럭시 GALAX 지포스 GTX 1660 BLACK D D5 6GB,468990,468990,458720,459000,459000,459000,423300,423110,422940
9790470,갤럭시 GALAX 지포스 GTX 1660 SUPER EX BLACK OC D6 6GB,1410000,1410000,1410000,1410000,1410000,1410000,1410000,1410000,1394900
9790467,갤럭시 GALAX 지포스 GTX 1660 SUPER EX WHITE OC D6 6GB,887460,887390,887330,887150,887030,886850,886620,886490,885650
9790461,갤럭시 GALAX 지포스 GTX 1660 SUPER OC D6 6GB,418950,418770,418640,418580,418520,418460,409950,409940,409940
7312357,갤럭시 GALAX 지포스 GTX 1660 Ti BLACK D D6 6GB,379000,379000,379000,379000,379000,379000,380000,380000,380000
9211461,갤럭시 GALAX 지포스 GTX 1660 Ti EX WHITE ELITE OC D6 6GB,832240,832240,832240,832240,832240,832240,832240,832240,832240
5900442,갤럭시 GALAX 지포스 GTX1070 EXOC D5 8GB G天命,852720,852720,852720,852720,852720,852720,852720,852720,852720
7061923,갤럭시 GALAX 지포스 RTX 2060 BLACK D D6 6GB,499000,499000,499000,499000,459000,459000,459000,459000,459000
12753542,갤럭시 GALAX 지포스 RTX 2060 PLUS OC D6 6GB,513890,513890,513780,519000,519000,519000,519000,519000,519000
8467725,갤럭시 GALAX 지포스 RTX 2060 SUPER EX BLACK OC D6 8GB,1278480,1278480,1278480,1278480,1278480,1278480,1278480,1278480,1278480
8851184,갤럭시 GALAX 지포스 RTX 2060 SUPER OC D6 8GB,1248360,1248360,1248360,1248360,1248360,1248360,1248360,1248360,1248360
11601383,갤럭시 GALAX 지포스 RTX 2060 SUPER OC V2 D6 8GB,690340,690160,689980,688710,688530,689270,689080,689020,688780
7116202,갤럭시 GALAX 지포스 RTX 2060 WHITE D EX D6 6GB,1070500,1070500,1070500,1070500,1070500,1070500,1070500,1070500,1070500
14990648,갤럭시 GALAX 지포스 RTX 3060 EX BLACK OC V2 D6 12GB,561760,561760,561760,561760,566210,566020,549830,548990,548760
14953979,갤럭시 GALAX 지포스 RTX 3060 EX WHITE OC V2 D6 12GB,560850,560670,560380,557440,557200,556170,530000,530000,529950
14718956,갤럭시 GALAX 지포스 RTX 3060 Ti D6 8GB LHR,798590,798410,798220,798040,799000,867950,868000,897000,868000
14918684,갤럭시 GALAX 지포스 RTX 3060 Ti EX BLACK OC D6 8GB LHR,931000,931000,931000,931000,931000,931000,931000,931000,931000
14788691,갤럭시 GALAX 지포스 RTX 3060 Ti EX WHITE OC D6 8GB LHR,961000,961000,961000,961000,961000,961000,961000,961000,961000
16637921,갤럭시 GALAX 지포스 RTX 3060 Ti V2 D6 8GB LHR,0,0,0,0,0,0,0,0,0
14448719,갤럭시 GALAX 지포스 RTX 3060 V2 D6 12GB,542920,542920,542810,539650,539530,539350,537500,530500,526190
14413778,갤럭시 GALAX 지포스 RTX 3070 D6 8GB LHR,896990,896990,896990,896990,897990,897930,897750,897000,896780
14967383,갤럭시 GALAX 지포스 RTX 3070 EX BLACK OC V3 D6 8GB LHR,897950,897950,897950,897950,898000,897890,897890,897890,897890
15298211,갤럭시 GALAX 지포스 RTX 3070 EX GAMER BLACK OC D6 8GB LHR,1377990,1377990,1377990,1377990,1377990,1377990,1377990,1377990,1377990
14905457,갤럭시 GALAX 지포스 RTX 3070 EX GAMER WHITE OC D6 8GB LHR,1849000,1849000,1849000,1849000,1849000,1849000,1849000,1849000,1849000
15223814,갤럭시 GALAX 지포스 RTX 3070 EX WHITE OC V3 D6 8GB LHR,1457000,1457000,1457000,1457000,1457000,1457000,1457000,1457000,1457000
14527049,갤럭시 GALAX 지포스 RTX 3070 Ti D6X 8GB,997440,980470,980350,980130,979940,979880,968780,968490,968430
14446805,갤럭시 GALAX 지포스 RTX 3070 Ti EX BLACK OC D6X 8GB,996830,996650,996530,996350,996060,992720,992230,992040,991800
15298289,갤럭시 GALAX 지포스 RTX 3070 Ti EX GAMER BLACK OC D6X 8GB,1034000,1034000,1034000,1034000,1034000,1034000,1034000,1034000,1034000
14918870,갤럭시 GALAX 지포스 RTX 3070 Ti EX GAMER WHITE OC D6X 8GB,1305000,1305000,1305000,1305000,1305000,1305000,1305000,1305000,1305000
14446802,갤럭시 GALAX 지포스 RTX 3070 Ti EX WHITE OC D6X 8GB,1001900,1001650,1001470,1001240,1014860,1014680,1009560,977650,977650
14446808,갤럭시 GALAX 지포스 RTX 3070 Ti SG OC D6X 8GB,1023510,1023510,1024510,1023560,1033950,1034000,1033950,1033000,1032950
14990558,갤럭시 GALAX 지포스 RTX 3080 EX GAMER BLACK OC D6X 10GB LHR,1176000,1176000,1186000,1186000,1186000,1186000,1186000,1186000,1186000
14936474,갤럭시 GALAX 지포스 RTX 3080 EX GAMER WHITE OC D6X 10GB LHR,1162490,1162490,1162490,1184360,1175000,1175000,1185340,1183000,1182000
14472533,갤럭시 GALAX 지포스 RTX 3080 SG D6X 10GB LHR,1125610,1125550,1125480,1124130,1120870,1120690,1136980,1129970,1123930
15298376,갤럭시 GALAX 지포스 RTX 3080 Ti EX GAMER BLACK OC D6X 12GB,1730890,1730880,1730820,1730760,1730700,1730650,1730590,1730580,1730530
14379914,갤럭시 GALAX 지포스 RTX 3080 Ti EX GAMER WHITE OC D6X 12GB,1731630,1731660,1731660,1731610,1731910,1731860,1731860,1731800,1731690
14741273,갤럭시 GALAX 지포스 RTX 3080 Ti Hall Of Fame D6X 12GB,3248990,3248990,3248990,3248990,3248990,3248990,3248990,3248990,3248990
14741345,갤럭시 GALAX 지포스 RTX 3080 Ti Hall Of Fame D6X 12GB Premium,0,0,0,0,0,0,0,0,0
14278706,갤럭시 GALAX 지포스 RTX 3080 Ti SG OC D6X 12GB,1682340,1696690,1696630,1696580,1696860,1697950,1696790,1563620,1563570
12254096,갤럭시 GALAX 지포스 RTX 3090 EX Gamer BLACK OC D6X 24GB,2335010,2334950,2334940,2334840,2334820,2334580,2334460,2333460,2334250
12548294,갤럭시 GALAX 지포스 RTX 3090 EX Gamer WHITE OC D6X 24GB,2333350,2333230,2333110,2334470,2334470,2334470,2334470,2333470,2334320
13880009,갤럭시 GALAX 지포스 RTX 3090 Hall Of Fame D6X 24GB,3890000,3890000,3890000,3890000,3890000,3890000,3890000,3890000,3890000
13499468,갤럭시 GALAX 지포스 RTX 3090 Hall Of Fame D6X 24GB Limited Edition,0,0,0,0,0,0,0,0,0
12187508,갤럭시 GALAX 지포스 RTX 3090 SG D6X 24GB,2224090,2224030,2223950,2223850,2223830,2223720,2223720,2222970,2222650
16832294,갤럭시 갤라즈 BOY 지포스 RTX 3080 Ti SG OC D6X 12GB,1650600,1650600,1650600,1650600,1650600,1650600,1650600,1650600,1650600
15877457,갤럭시 갤라즈 GALAX 지포스 RTX 2060 PLUS OC D6 12GB,523000,523000,522940,514600,514600,546000,546000,523000,523000
16310552,갤럭시 갤라즈 GALAX 지포스 RTX 3080 EX GAMER BLACK OC D6X 12GB LHR,1327190,1327190,1341440,1327190,1327190,1353950,1353890,1327200,1327190
16792700,갤럭시 갤라즈 GALAX 지포스 RTX 3080 EX GAMER WHITE OC D6X 12GB LHR,1314220,1314160,1313980,1313670,1313490,1313250,1312960,1312770,1312590
15554399,갤럭시 갤라즈 GALAX 지포스 RTX 3080 Hall Of Fame D6X 10GB LHR,2530000,2530000,2530000,2530000,2530000,2530000,2530000,2530000,2530000
16163495,갤럭시 갤라즈 GALAX 지포스 RTX 3080 SG OC D6X 12GB LHR,1304950,1304950,1304950,1303880,1305000,1330950,1330950,1305000,1305000
16755077,갤럭시 갤라즈 GALAX 지포스 RTX 3090 Ti EX GAMER BLACK OC D6X 24GB,2936640,2936580,2936460,2936240,2936100,2935930,2935740,2935680,2935450
16466984,레노버 지포스 RTX 3080 D6X 10GB (4X61C56103),1489950,1489950,1489950,1489950,1489950,1489950,1489950,1489950,1489950
12296372,리드텍 WinFast 지포스 GTX 1650 D6 4GB,0,0,0,0,0,0,0,0,0
11704985,리드텍 WinFast 지포스 GTX 1650 D6 4GB LP,457130,457070,457010,456950,456890,456650,456530,456480,456470
9883551,리드텍 WinFast 지포스 GTX 1660 SUPER HURRICANE D6 6GB,492800,492800,492800,492800,414620,414380,414190,414130,413900
15968993,리드텍 WinFast 지포스 RTX 3060 CLASSIC D6 12GB,685510,685570,685390,685270,684980,684790,684610,684430,684190
13511903,리드텍 WinFast 지포스 RTX 3060 HURRICANE WHITE D6 12GB,672910,672730,672670,672490,672430,672310,672130,671950,671890
12910292,리드텍 WinFast 지포스 RTX 3060 Ti HURRICANE D6 8GB,784000,784000,756140,755970,755740,755500,755310,755250,755040
16289399,리드텍 WinFast 지포스 RTX 3070 AI BLOWER D6 8GB,0,0,0,0,1319440,0,0,0,0
12905510,리드텍 WinFast 지포스 RTX 3070 HURRICANE D6 8GB,1065230,1065050,1064930,1064750,1107670,1107670,1107670,1107670,1107670
16289072,리드텍 WinFast 지포스 RTX 3070 Ti HURRICANE D6X 8GB,1202760,1202690,1202450,1202270,1028000,1028000,1028000,1028000,1028000
12705845,리드텍 WinFast 지포스 RTX 3080 HURRICANE D6X 10GB,1435240,1435060,1435000,1434820,1268400,1268400,1268400,1268400,1218760
16285928,리드텍 WinFast 지포스 RTX 3080 HURRICANE D6X 12GB,1584910,1584840,1584780,1584600,1479320,1479080,1478840,1478650,1478410
14649503,리드텍 WinFast 지포스 RTX 3080 Ti HURRICANE D6X 12GB,1792000,1792000,1792000,1792000,1641920,1641920,1839990,1952900,1952900
9332754,이엠텍 HV 지포스 GTX 1660 STORM X Dual V2 D5 6GB,866580,866530,866400,866220,865980,865800,865740,865680,865440
8454207,이엠텍 HV 지포스 RTX 2060 SUPER STORM X Dual D6 8GB,1750000,1750000,1750000,1750000,1750000,1750000,1750000,1750000,1750000
12871286,이엠텍 HV 지포스 RTX 3070 BLACK MONSTER COD OC D6 8GB,2982000,2982000,2982000,2982000,2982000,2982000,2982000,2982000,2982000
14546186,이엠텍 HV 지포스 RTX 3070 BLACK MONSTER OC D6 8GB LHR,865030,864790,864600,864360,864070,863830,863580,863340,863100
14568422,이엠텍 HV 지포스 RTX 3080 BLACK MONSTER OC D6X 10GB LHR,1109150,1108910,1108720,1108380,1108140,1107900,1107660,1107470,1107200
12192998,이엠텍 HV 지포스 RTX 3090 BLACK MONSTER OC D6X 24GB,2266110,2265980,2265810,2265570,2265440,2265260,2265200,2264960,2264730
9235185,이엠텍 XENON 지포스 GTX 1660 Ti STORM X Dual D6 6GB WHITE,2500000,2500000,2500000,2500000,2500000,2500000,2500000,2500000,2500000
14534291,이엠텍 XENON 지포스 RTX 3070 TURBO JET OC D6 8GB LHR,856590,857930,857950,857410,862590,866640,859480,859370,863370
15699749,이엠텍 XENON 지포스 RTX 3080 TURBO JET OC D6X 10GB LHR,1134580,1134580,1119270,1115180,1090550,1090320,1091830,1081190,1080180
16278695,이엠텍 XENON 지포스 RTX 3080 TURBO JET OC D6X 12GB LHR,1310400,1322900,1322900,1343950,1343720,1343530,1390470,1381800,1390470
12294263,이엠텍 XENON 지포스 RTX 3090 TURBO JET OC D6X 24GB,2281510,2285580,2285340,2285000,2284770,2284530,2162400,2239450,2239450
11001336,이엠텍 지포스 GTX 1650 STORM X Dual MINI OC D6 4GB,400520,400520,399120,400520,354530,400570,400520,400520,400520
11032536,이엠텍 지포스 GTX 1650 SUPER MIRACLE D6 4GB,1000000,1000000,1000000,1000000,1000000,1000000,1000000,1000000,1000000
14221598,이엠텍 지포스 GTX 1660 STORM X Dual BASIC OC D5 6GB,1334650,1334580,1319880,1319700,1319640,1319400,1319110,1318920,517000
10090653,이엠텍 지포스 GTX 1660 SUPER MIRACLE D6 6GB,1395000,940000,940000,940000,940000,940000,940000,940000,940000
13462442,이엠텍 지포스 GTX 1660 SUPER STORM X Dual BASIC OC D6 6GB,368680,366900,366530,366290,370880,370700,370260,369960,369710
10078713,이엠텍 지포스 GTX 1660 SUPER STORM X Dual D6 6GB,4400000,4400000,4400000,4400000,4400000,4400000,4400000,4400000,4400000
9790980,이엠텍 지포스 GTX 1660 SUPER STORM X Dual OC D6 6GB,471590,471590,471590,471590,471590,471590,471590,471590,471590
15422960,이엠텍 지포스 GTX 1660 Ti STORM X Dual BASIC OC D6 6GB,397300,397300,397970,397100,406990,406750,406510,406450,406210
15941003,이엠텍 지포스 RTX 2060 STORM X Dual BASIC D6 12GB,433870,433690,433510,428570,420580,420340,420110,419920,419680
13391444,이엠텍 지포스 RTX 2060 STORM X Dual BASIC D6 6GB,740020,739840,739780,739660,739540,739480,739300,739060,739000
14157626,이엠텍 지포스 RTX 2060 STORM X Dual BASIC OC D6 6GB,809400,809400,884690,889990,889990,889990,889990,889990,889990
7455784,이엠텍 지포스 RTX 2060 STORM X Dual D6 6GB,2000000,2000000,2000000,2000000,2000000,2000000,2000000,2000000,2000000
7038919,이엠텍 지포스 RTX 2060 STORM X Dual OC D6 6GB,1499990,1499990,1499990,1499990,1499990,1499990,1499990,1499990,1499990
13474406,이엠텍 지포스 RTX 2060 SUPER STORM X Dual BASIC D6 8GB,722990,723000,723280,704610,705190,704950,703860,703630,702790
13463144,이엠텍 지포스 RTX 3060 STORM X Dual OC D6 12GB,519490,506930,507270,506970,505530,505820,505630,505780,495200
15314987,이엠텍 지포스 RTX 3060 STORM X Dual OC D6 12GB 디아블로2 레저렉션,604200,604200,604200,604200,604200,604200,604200,604200,604200
12822224,이엠텍 지포스 RTX 3060 Ti STORM X Dual OC D6 8GB,686860,581900,701540,700690,719190,718950,720120,719880,731400
14534075,이엠텍 지포스 RTX 3070 BLACK EDITION OC D6 8GB LHR,843740,831520,831270,830850,824090,823840,817100,820640,817700
14406062,이엠텍 지포스 RTX 3070 Ti BLACK EDITION D6X 8GB,958010,958010,947300,964800,1023450,1033510,1106470,1106470,1106470
15308354,이엠텍 지포스 RTX 3070 Ti STORM DARK D6X 8GB 디아블로2 레저렉션,1759330,1759330,1759330,1759330,1759330,1759330,1759330,1759340,1759330
14578316,이엠텍 지포스 RTX 3080 BLACK EDITION OC D6X 10GB LHR,1062290,1062100,1048730,1044470,1035730,1035430,1030000,1029990,1029990
16231571,이엠텍 지포스 RTX 3080 BLACK EDITION OC D6X 12GB LHR,1242400,1242300,1242300,1242300,1242300,1242300,1242300,1242300,1187070
14281406,이엠텍 지포스 RTX 3080 Ti BLACK EDITION D6X 12GB,1545690,1545500,1545240,1530840,1501580,1501340,1507930,1481500,1467000
13078220,이엠텍 지포스 RTX 3090 BLACK EDITION D6X 24GB,3502400,3502400,3502400,3502400,3502400,3502400,3502400,3502400,3502400
12183533,이엠텍 지포스 RTX 3090 BLACK EDITION OC D6X 24GB,2957140,2957070,2859890,2807950,2745600,2745600,2745600,2745600,2745600
6641779,지포스 GTX1060 D5 3GB (중고),163000,162820,162640,162460,162220,161980,161690,161500,161260
6642142,지포스 GTX1060 D5 6GB (중고),229320,229140,228960,228720,228540,228310,228120,227940,227700
16512887,지포스 RTX 3070 Ti D6X 8GB (중고),1339990,1339990,1339990,1339990,1339990,1339990,1339990,1339990,1339990
16362338,지포스 RTX 3080 D6X 10GB (중고),1238090,1238090,1238090,1238090,0,0,0,0,0
16799315,지포스 RTX 3080 D6X 12GB (중고),1959990,1959990,1959990,1959990,1959990,1959990,1959990,1959990,1959990
16544444,지포스 RTX 3080 Ti D6X 12GB (중고),1399000,1399000,1399000,1399000,1399000,1399000,1399000,1399000,1399000
